OTU_ID,nr_authors,taxonomicResearchNeeded,cropWildRelatives,horizonInvasives,habitatsDir,marineDir,iasListConcern,redlistFull,birdDir,pollinators,numOfSpecies,order
1,5373,937,0,1,1,0,0,0,0,901,175228,Diptera
2,3147,19,0,0,1,0,0,1,0,0,109904,Hemiptera
3,23,0,0,1,0,0,0,0,0,0,1116,Sessilia
4,701,476,0,8,15,62,4,24,0,0,15163,Perciformes
5,377,59,0,7,4,0,6,0,0,0,22210,Decapoda
6,7639,1916,0,6,0,0,4,78,0,2112,151666,Hymenoptera
7,6103,539,0,1,47,0,0,41,0,1,181487,Lepidoptera
8,328,6,0,0,0,0,0,0,0,0,26217,Neogastropoda
9,12191,1617,0,7,55,0,0,131,0,0,373306,Coleoptera
10,64,15,0,0,0,0,0,3,8,0,350,Strigiformes
11,371,24,0,2,6,0,2,0,0,0,1997,Artiodactyla
12,922,2256,0,0,29,0,0,230,0,0,28012,Stylommatophora
13,13,0,0,0,0,0,0,0,0,0,391,Agelasida
14,1951,1003,0,0,11,0,0,266,0,0,30233,Orthoptera
15,1491,0,0,0,0,0,0,0,0,0,17762,Trombidiformes
16,703,256,0,3,138,4,1,115,0,0,5429,Cypriniformes
17,6,0,0,0,0,0,0,0,0,0,76,Dendroceratida
19,3,0,0,0,0,0,0,0,0,0,1631,Carditida
20,0,0,0,0,0,0,0,0,0,0,624,Monostilifera
21,128,0,0,0,0,0,0,0,0,0,251,Clathrinida
22,409,0,0,0,0,0,0,0,0,0,3552,Phasmida
23,301,691,0,2,2,0,0,323,0,0,19677,Littorinimorpha
24,163,1,0,0,1,0,0,0,0,0,5039,Trochida
27,135,30,0,0,2,0,0,0,0,0,1000,Soricomorpha
28,36,0,0,0,0,0,0,0,0,0,3816,Cardiida
29,125,0,0,0,0,0,0,0,0,0,9856,Plagiorchiida
30,47,9,0,0,0,0,0,0,0,0,5170,Harpacticoida
31,69,0,0,0,0,0,0,0,0,0,2112,Pleurotomariida
32,123,5,0,3,2,0,3,0,0,0,4489,Siluriformes
33,3,0,0,0,0,0,0,0,0,0,58,Opilioacarida
34,15,0,0,0,0,0,0,0,0,0,178,Lychniscosida
35,15,0,0,0,0,0,0,0,0,0,733,Grylloblattodea
36,100,14,0,1,0,0,0,0,0,0,10946,Amphipoda
37,0,0,0,0,0,0,0,0,0,0,2280,Trigoniida
38,230,2,0,0,0,0,0,0,0,0,11893,Psocodea
39,7,0,0,0,0,0,0,0,0,0,3919,Pectinida
40,36,1,0,0,0,0,0,0,0,0,1637,Anthoathecata
41,49,0,0,1,0,0,0,0,0,0,2399,Leptothecata
42,97,0,0,0,0,0,0,0,0,0,3386,Dactylogyridea
43,767,75,0,4,17,0,7,0,0,0,5587,Rodentia
45,3688,91,0,0,1,0,0,0,0,0,53550,Araneae
46,9,0,0,0,0,0,0,0,0,0,2158,Goniatitida
47,5,0,0,0,0,0,0,0,0,0,2018,Enoplida
48,72,4,0,0,0,0,0,0,0,0,11028,Podocopida
49,12,0,0,0,0,0,0,0,0,0,1105,Dendrochirotida
51,1096,351,0,7,0,0,3,15,35,0,7627,Passeriformes
52,12,2,0,0,0,0,0,0,0,0,4136,Venerida
53,0,0,0,0,0,0,0,0,0,0,45,Kirengellida
54,51,9,0,0,0,0,0,1,1,0,534,Apodiformes
55,34,0,0,0,0,0,0,0,0,0,571,Araeolaimida
56,0,0,0,0,0,0,0,0,0,0,3437,Ceratitida
57,9,0,0,1,0,0,0,0,0,0,525,Diprotodontia
58,261,138,0,3,0,0,0,20,0,0,5513,Architaenioglossa
59,1,0,0,0,0,0,0,0,0,0,77,Cydippida
60,66,0,0,0,0,0,0,0,0,0,1581,Ploima
62,18,0,0,0,0,0,0,0,0,0,1437,Nautilida
63,323,0,0,1,0,0,0,0,0,0,5194,Phyllodocida
64,51,0,0,0,0,0,0,0,0,0,650,Ophiacanthida
65,804,0,0,1,0,0,0,0,0,0,10240,Rhabditida
66,60,0,0,0,0,0,0,0,0,0,620,Axinellida
67,23,0,0,0,0,0,0,0,0,0,1035,Seguenziida
69,3,0,0,0,0,0,0,0,0,0,858,Galeommatida
70,119,0,0,0,0,0,0,0,0,0,1040,Perissodactyla
71,0,4,0,0,0,2,0,0,0,0,52,Hexanchiformes
73,0,0,0,0,0,0,0,0,0,0,1065,Phacopida
74,63,8,0,2,7,0,3,5,0,0,1530,Cyprinodontiformes
75,12,0,0,0,0,0,0,0,0,0,248,Euryalida
76,13,0,0,0,0,0,0,0,0,0,589,Echinorhynchida
77,2023,56,0,4,43,0,2,9,0,0,7832,Anura
78,0,0,0,0,0,0,0,0,0,0,59,Aulacopleurida
79,37,3,0,0,0,0,0,0,0,0,4898,Cyclopoida
80,5,18,0,0,0,1,0,0,0,0,333,Beloniformes
81,318,150,0,0,17,0,0,19,0,0,7524,Odonata
83,11,0,0,0,0,0,0,0,0,0,154,Protorthoptera
85,3,14,0,0,0,0,0,0,0,0,535,Zoantharia
86,94,0,0,0,0,0,0,0,0,0,6834,Opiliones
87,125,1,0,0,0,0,0,0,0,0,1504,Chordeumatida
88,55,0,0,0,0,0,0,0,0,0,2137,Dermaptera
89,71,18,0,0,2,0,0,5,0,0,2320,Cycloneritida
90,120,0,0,0,0,0,0,0,0,0,2454,Siphonostomatoida
91,299,1,0,0,0,0,0,0,0,0,6089,Polydesmida
92,33,5,0,0,0,0,0,0,0,0,1343,Lepetellida
94,278,1,0,0,0,0,0,0,0,0,6994,Neuroptera
95,46,8,0,0,0,0,0,3,2,0,246,Coraciiformes
96,0,0,0,0,0,0,0,0,0,0,25,Percopsiformes
97,544,0,0,0,0,0,0,0,0,0,8189,Mesostigmata
98,86,2,0,0,1,0,0,0,0,0,4467,Pseudoscorpiones
99,170,11,0,0,0,0,0,1,3,0,438,Columbiformes
100,0,0,0,0,0,0,0,0,0,0,186,Echiuroidea
101,10,0,0,0,0,0,0,0,0,0,2067,Rhynchonellida
103,302,0,0,0,0,0,0,0,0,0,9622,Blattodea
105,879,22,0,0,0,0,0,0,0,0,14542,Sarcoptiformes
106,13,0,0,0,0,0,0,0,0,0,957,Pedunculata
107,17,7,0,2,2,0,0,2,0,0,1314,Myida
108,28,19,0,0,8,6,0,6,0,0,600,Clupeiformes
109,7,0,0,0,0,0,0,0,0,0,1282,Lucinida
110,362,2,0,0,0,0,0,0,0,0,4380,Entomobryomorpha
111,432,0,0,0,0,0,0,0,0,0,1903,Rhabdocoela
112,4,0,0,0,0,0,0,0,0,0,245,Holasteroida
113,19,0,0,0,0,0,0,0,0,0,500,Agoniatitida
114,0,0,0,0,0,0,0,0,0,0,540,Stomatopoda
115,1,5,0,0,0,0,0,0,0,0,187,Cuculiformes
116,27,56,0,0,0,25,2,8,8,0,438,Anseriformes
117,528,55,0,0,51,0,0,0,0,0,1798,Chiroptera
118,215,0,0,0,0,0,0,0,0,0,11032,Cheilostomatida
119,58,1,0,0,0,0,0,0,0,0,2268,Siphonaptera
122,0,0,0,0,0,0,0,0,0,0,39,Archinemertea
123,0,0,0,0,0,0,0,0,0,0,987,Asaphida
124,11,20,0,0,0,1,0,1,7,0,436,Gruiformes
125,45,2,0,0,0,0,0,0,0,0,2462,Characiformes
126,139,144,0,0,0,50,0,18,25,0,613,Charadriiformes
127,468,38,0,2,24,4,4,0,0,0,1736,Carnivora
128,112,31,0,0,1,0,0,0,0,0,2722,Mantodea
129,3,0,0,0,0,0,0,0,0,0,110,Verongiida
130,4,1,0,0,0,0,0,0,0,0,164,Orectolobiformes
132,180,11,0,0,1,0,0,0,0,0,11494,Isopoda
134,204,0,0,0,0,0,0,0,0,0,1636,Julida
135,341,1,0,0,0,0,0,0,0,0,3669,Poduromorpha
136,31,93,0,0,0,27,0,2,0,0,908,Gadiformes
137,13,0,0,0,0,0,0,0,0,0,795,Comatulida
138,35,2,0,0,2,0,0,1,0,0,1939,Ostreida
139,54,0,0,0,0,0,0,0,0,0,1354,Tubificida
140,4,5,0,0,0,0,0,0,0,0,2850,Calanoida
141,299,0,0,0,0,0,0,0,0,0,3616,Scorpiones
142,74,1,0,0,0,0,0,0,0,0,3124,Nudibranchia
143,61,36,0,0,0,10,0,5,0,0,537,Carcharhiniformes
144,53,0,0,0,0,0,0,0,0,0,1420,Pantopoda
145,20,4,0,0,0,0,0,0,1,0,128,Caprimulgiformes
147,21,1,0,0,0,0,0,0,0,0,404,Camarodonta
148,53,1,0,0,0,0,0,0,0,0,6735,Thysanoptera
149,0,0,0,0,0,0,0,0,0,0,178,Lecanicephalidea
150,31,32,0,0,0,0,0,0,0,0,2805,Malacalcyonacea
151,726,2,0,0,0,0,0,0,0,0,14632,Trichoptera
152,14,0,0,0,0,0,0,0,0,0,2430,Terebratulida
153,31,48,0,0,0,1,0,0,0,0,702,Ophidiiformes
154,37,0,0,0,0,0,0,0,0,0,1038,Amphilepidida
155,9,0,0,0,0,0,0,0,0,0,432,Megaloptera
156,479,2,0,1,0,0,0,0,0,0,5909,Crassiclitellata
157,3,2,0,0,0,0,0,0,1,0,23,Phoenicopteriformes
158,53,0,0,0,0,0,0,0,0,0,1227,Cyclophyllidea
159,82,32,0,0,0,0,0,0,0,0,8788,Scleractinia
160,87,0,0,0,0,0,0,0,0,0,834,Scolopendromorpha
163,43,0,0,0,0,0,0,0,0,0,1200,Symphypleona
164,156,0,0,0,0,0,0,0,0,0,1314,Tetractinellida
165,0,0,0,0,0,0,0,0,0,0,987,Palaeocopida
166,226,43,0,0,37,28,0,0,0,0,695,Cetacea
167,3,1,0,0,0,0,0,0,0,0,81,Bucerotiformes
168,32,0,0,0,0,0,0,0,0,0,922,Desmodorida
169,52,0,0,0,0,0,0,0,0,0,527,Proseriata
170,23,0,0,0,0,0,0,0,0,0,1643,Tanaidacea
171,152,41,0,1,28,0,0,10,0,0,922,Caudata
173,6,27,0,0,0,2,0,0,0,0,233,Sepiida
174,5,0,0,0,0,0,0,0,0,0,85,Cnemidolestodea
175,27,0,0,0,0,0,0,0,0,0,96,Sphenisciformes
176,4,0,0,0,0,0,0,0,0,0,158,Dasyuromorphia
177,5,0,0,0,0,0,0,0,0,0,446,Acoela
178,25,0,0,0,0,0,0,0,0,0,598,Paxillosida
179,2,15,0,0,0,0,0,0,0,0,142,Synallactida
180,8,0,0,0,0,0,0,0,0,0,138,Protocoleoptera
181,1,0,0,0,0,0,0,0,0,0,121,Multivalvulida
182,22,28,0,0,0,15,0,10,0,0,252,Squaliformes
183,25,33,0,0,0,3,0,0,0,0,299,Oegopsida
184,43,33,0,0,0,5,0,0,0,0,410,Octopoda
185,0,0,0,0,0,0,0,0,0,0,1160,Myalinida
186,0,0,0,0,0,0,0,0,0,0,854,Platycopida
187,0,7,0,0,0,1,0,0,0,0,70,Zeiformes
190,175,4,0,1,0,0,0,0,0,0,491,Psittaciformes
191,25,0,0,0,0,0,0,0,0,0,386,Rhynchobdellida
192,27,1,0,2,1,0,1,0,0,0,1161,Mytilida
193,0,0,0,0,0,0,0,0,0,0,88,Polyarthra
195,6,0,0,0,0,0,0,0,0,0,2748,Fenestrida
196,266,0,0,0,0,0,0,0,0,0,2559,Dorylaimida
197,3,0,0,0,0,0,0,0,0,0,451,Hippuritida
198,14,0,0,0,0,0,0,0,0,0,1907,Arcida
199,333,1,0,0,0,0,0,0,0,0,1301,Primates
203,10,0,0,0,0,0,0,0,0,0,1348,Spatangoida
204,35,7,0,1,0,0,0,0,0,0,1515,Diplostraca
206,8,4,0,0,0,0,0,2,3,0,38,Otidiformes
207,211,2,0,0,0,0,0,0,0,0,4521,Plecoptera
208,11,0,0,0,0,0,0,0,0,0,96,Sirenia
209,28,0,0,0,0,0,0,0,0,0,440,Pilosa
210,2,0,0,0,0,0,0,0,0,0,632,Cidaroida
212,0,0,0,0,0,0,0,0,0,0,1309,Ptychopariida
213,0,17,0,0,1,0,0,0,0,0,1376,Scleralcyonacea
214,18,0,0,0,0,0,0,0,0,0,162,Callipodida
215,8,38,0,0,0,0,0,0,0,0,757,Tetraodontiformes
216,0,0,0,0,0,0,0,0,0,0,380,Trypanorhyncha
217,79,28,0,0,0,18,0,7,11,0,215,Procellariiformes
218,59,0,0,0,0,0,0,0,0,0,1251,Lithobiomorpha
219,0,0,0,0,0,0,0,0,0,0,9,Kermasida
220,27,11,0,0,0,5,0,7,0,0,320,Lamniformes
221,0,0,0,0,0,0,0,0,0,0,199,Prolecithophora
222,0,0,0,0,0,0,0,0,0,0,1604,Cryptostomida
223,0,0,0,0,0,0,0,0,0,0,150,Polystilifera
224,152,0,0,0,0,0,0,0,0,0,4347,Ephemeroptera
225,4,0,0,0,0,0,0,0,0,0,66,Gastrochaenida
226,448,0,0,0,0,0,0,0,0,0,349,Echiniscoidea
227,6,0,0,0,0,0,0,0,0,0,742,Echinolampadacea
229,0,0,0,0,0,0,0,0,0,0,95,Amiiformes
230,442,33,0,0,11,0,0,9,0,0,2828,Unionida
231,20,0,0,0,0,0,0,0,0,0,414,Raphidioptera
232,21,0,0,0,0,0,0,0,0,0,2043,Sabellida
233,33,0,0,0,0,0,0,0,0,0,1540,Mecoptera
234,64,81,0,1,14,18,0,6,0,0,2166,Scorpaeniformes
235,23,0,0,0,0,0,0,0,0,0,1012,Chromadorida
236,0,0,0,0,0,0,0,0,0,0,78,Tryblidiida
237,12,39,0,0,0,0,0,0,0,0,1219,Actiniaria
238,80,13,0,0,0,0,0,0,6,0,532,Piciformes
239,20,0,0,0,0,0,0,0,0,0,479,Apodida
241,2,0,0,0,0,0,0,0,0,0,1317,Mysida
242,5,0,0,0,0,0,0,0,0,0,320,Forcipulatida
243,32,0,0,0,0,0,0,0,0,0,789,Dictyoceratida
244,14,63,0,0,0,0,0,0,0,0,440,Aulopiformes
245,36,37,0,0,0,16,0,7,0,0,505,Rajiformes
246,11,0,0,0,0,0,0,0,0,0,1042,Myodocopida
247,0,0,0,0,0,0,0,0,0,0,71,Aphragmophora
248,8,0,0,0,0,0,0,0,0,0,310,Trichinellida
249,5,0,0,0,0,0,0,0,0,0,107,Megasecoptera
250,0,0,0,0,0,0,0,0,0,0,387,Clypeasteroida
251,0,0,0,0,0,0,0,0,0,0,65,Aspidogastrida
252,56,0,0,0,0,0,0,0,0,0,1176,Valvatida
253,10,0,0,0,0,0,0,0,0,0,987,Mazocraeidea
254,101,0,0,0,0,0,0,0,0,0,1314,Spirobolida
255,1,0,0,0,0,0,0,0,0,0,684,Mermithida
256,5,0,0,0,0,0,0,0,0,0,72,Trachymedusae
258,83,85,0,0,0,2,0,0,0,0,482,Lophiiformes
259,4,0,0,0,0,0,0,0,0,0,349,Desmoscolecida
260,0,0,0,0,0,0,0,0,0,0,42,Meganisoptera
262,17,0,0,0,0,0,0,0,0,0,2939,Cyclostomatida
263,26,157,0,0,0,0,0,0,0,0,540,Stomiiformes
264,15,0,0,0,0,0,0,0,0,0,108,Biemnida
265,0,0,0,0,1,0,0,0,0,0,49,Diadematoida
266,0,0,0,0,0,0,0,0,0,0,127,Rhizostomeae
267,3,0,0,0,0,0,0,0,0,0,396,Sceptrulophora
268,3,0,0,0,0,0,0,0,0,0,453,Pteropoda
269,4,19,0,0,0,1,0,1,0,0,308,Beryciformes
270,24,4,0,0,0,0,0,4,0,0,182,Rhinopristiformes
271,0,0,0,0,0,0,0,0,0,0,10,Trachycladida
272,377,1,0,0,0,0,0,0,0,0,1457,Geophilomorpha
273,13,1,0,1,0,0,0,0,0,0,1606,Aplousobranchia
274,0,0,0,0,0,0,0,0,0,0,71,Salpida
275,2,0,0,0,0,0,0,0,0,0,45,Chondrillida
276,3,24,0,0,0,0,0,0,0,0,249,Holothuriida
277,8,0,0,0,0,0,0,0,0,0,298,Palaeodictyoptera
279,12,0,0,0,0,0,0,0,0,0,1364,Diplostomida
280,5,0,0,0,0,0,0,0,0,0,111,Arbacioida
281,2,0,0,0,0,0,0,0,0,0,54,Diaphanopterodea
282,15,0,0,0,0,0,0,0,0,0,412,Adapedonta
283,0,0,0,0,0,0,0,0,0,0,211,Elasipodida
284,31,0,0,1,0,0,0,0,0,0,1677,Eunicida
285,84,19,0,0,0,0,0,1,5,0,448,Galliformes
287,11,0,0,0,0,0,0,0,0,0,205,Belemnitida
288,33,0,0,3,0,0,0,0,0,0,349,Phlebobranchia
289,24,0,0,0,0,0,0,0,0,0,577,Diplura
290,0,14,0,0,0,0,0,0,0,0,32,Saccopharyngiformes
291,0,0,0,0,0,0,0,0,0,0,265,Amphinomida
292,8,0,0,0,0,0,0,0,0,0,34,Caloneurodea
293,0,0,0,0,0,0,0,0,0,0,742,Corynexochida
294,6,0,0,0,0,0,0,0,0,0,1298,Monhysterida
295,0,0,0,0,0,0,0,0,0,0,189,Phyllobothriidea
296,56,0,0,0,0,0,0,0,0,0,1978,Cephalaspidea
297,0,0,0,0,0,0,0,0,0,0,714,Agnostida
298,268,0,0,0,0,0,0,0,0,0,317,Amblypygi
299,24,0,0,0,0,0,0,0,0,0,238,Clionaida
300,2,0,0,0,0,0,0,0,0,0,750,Bivalvulida
301,0,0,0,0,0,0,0,0,0,0,1238,Proetida
302,29,1,0,0,2,0,0,0,0,0,276,Arhynchobdellida
303,0,12,0,0,0,0,0,0,0,0,195,Gobiesociformes
304,8,0,0,0,0,0,0,0,0,0,1250,Solifugae
305,13,0,0,0,0,0,0,0,0,0,1033,Chitonida
306,5,0,0,0,0,0,0,0,0,0,149,Ceratodontiformes
307,0,0,0,0,0,0,0,0,0,0,10,Amphilinidea
308,37,0,0,0,0,0,0,0,0,0,554,Suberitida
309,23,0,0,0,0,0,0,0,0,0,209,Proboscidea
310,3,0,0,0,0,0,0,0,0,0,103,Scutigeromorpha
311,0,0,0,0,0,0,0,0,0,0,301,Phylloceratida
312,0,0,0,0,0,0,0,0,0,0,11,Bothriocidaroida
313,11,0,0,0,0,0,0,0,0,0,180,Bothriocephalidea
314,0,0,0,0,0,0,0,0,0,0,33,Hyocrinida
315,25,27,0,0,0,2,0,0,0,0,480,Syngnathiformes
316,13,0,0,0,0,0,0,0,0,0,278,Lumbriculida
317,187,0,0,1,0,0,1,0,0,0,1916,Tricladida
318,0,0,0,0,0,0,0,0,0,0,78,Coronatae
319,16,51,0,0,0,23,0,3,0,0,1010,Pleuronectiformes
320,1,5,0,0,0,0,0,0,0,0,436,Atheriniformes
321,8,0,0,0,0,0,0,0,0,0,696,Strepsiptera
322,79,43,0,0,0,0,0,0,0,0,718,Ellobiida
323,0,0,0,0,0,0,0,0,0,0,95,Echinoneoida
324,3,0,0,0,0,0,0,0,0,0,49,Platyctenida
325,0,0,0,0,0,0,0,0,0,0,30,Nectiopoda
326,155,0,0,0,0,0,0,0,0,0,2137,Spirostreptida
327,55,9,0,0,1,0,0,0,0,0,266,Lagomorpha
328,0,0,0,0,0,0,0,0,0,0,251,Kentrogonida
329,62,67,0,0,0,3,0,1,0,0,1321,Anguilliformes
331,13,0,0,0,0,0,0,0,0,0,506,Mononchida
332,1,0,0,0,0,0,0,0,0,0,39,Kentrorhagata
333,1,12,0,0,0,0,0,0,0,0,44,Lampriformes
334,5,0,0,0,0,0,0,0,0,0,150,Spinulosida
335,0,0,0,0,0,0,0,0,0,0,48,Cephalobaenida
336,38,0,0,0,0,0,0,0,0,0,409,Orthocerida
337,18,0,0,0,0,0,0,0,0,0,168,Velatida
338,0,0,0,0,0,0,0,0,0,0,338,Redlichiida
339,10,10,0,0,0,3,0,0,0,0,326,Chimaeriformes
341,0,0,0,0,0,0,0,0,0,0,33,Anaspidacea
342,14,0,0,0,0,0,0,0,0,0,330,Didelphimorphia
343,0,0,0,0,0,0,0,0,0,0,70,Xiphosurida
344,0,0,0,0,0,0,0,0,0,0,99,Oligacanthorhynchida
345,2,0,0,0,0,0,0,0,0,0,258,Capsalidea
346,120,36,0,0,0,1,0,6,24,0,416,Accipitriformes
347,1,0,0,0,0,0,0,0,0,0,478,Lingulida
348,4,1,0,0,0,0,0,0,0,0,12,Spirulida
349,30,0,0,0,0,0,0,0,0,0,60,Neelipleona
350,171,0,0,0,0,0,0,0,0,0,2539,Poecilosclerida
351,0,0,0,0,0,0,0,0,0,0,23,Septemchitonida
352,7,5,0,0,0,0,0,0,0,0,328,Antipatharia
353,0,0,0,0,0,0,0,0,0,0,169,Arguloida
354,0,0,0,0,0,0,0,0,0,0,56,Stauromedusae
355,12,0,0,0,0,0,0,0,0,0,62,Macroscelidea
356,0,0,0,0,0,0,0,0,0,0,1026,Tetramerocerata
357,17,0,0,0,0,0,0,0,0,0,26,Pristiophoriformes
358,0,0,0,0,0,0,0,0,0,0,107,Paucituberculata
359,12,0,0,0,0,0,0,0,0,0,295,Lepidopleurida
360,208,0,0,0,0,0,0,0,0,0,941,Enchytraeida
361,0,0,0,0,0,0,0,0,0,0,23,Dermoptera
362,21,0,0,0,0,0,0,0,0,0,238,Gymnophiona
363,6,0,0,0,0,0,0,0,0,0,78,Diclybothriidea
365,55,10,0,0,12,2,0,1,0,0,57,Petromyzontiformes
366,73,3,0,0,0,0,0,0,0,0,332,Archaeognatha
367,0,0,0,0,0,0,0,0,0,0,8,Nyctibiiformes
368,0,0,0,0,0,0,0,0,0,0,536,Lichida
369,0,0,0,0,0,0,0,0,0,0,89,Porocephalida
370,0,0,0,0,0,0,0,0,0,0,83,Tetrabothriidea
371,25,102,0,0,0,0,0,0,0,0,460,Myctophiformes
372,23,3,0,0,1,0,0,0,0,0,250,Erinaceomorpha
373,0,0,0,0,0,0,0,0,0,0,3,Notoryctemorphia
374,2,0,0,0,0,0,0,0,0,0,386,Cingulata
375,31,0,0,0,0,0,0,0,0,0,720,Onchoproteocephalidea
376,12,3,0,0,0,0,0,0,0,0,288,Systellommatophora
377,0,12,0,0,0,0,0,0,0,0,34,Cetomimiformes
378,1,0,0,0,0,0,0,0,0,0,92,Narcomedusae
379,1,0,0,0,0,0,0,0,0,0,183,Polyxenida
380,2,0,0,0,0,0,0,0,0,0,9,Spathebothriidea
381,0,0,0,0,0,0,0,0,0,0,549,Halocyprida
382,0,0,0,0,0,0,0,0,0,0,342,Gadilida
383,0,0,0,0,0,0,0,0,0,0,68,Cyrtonellida
384,0,0,0,0,0,0,0,0,0,0,45,Thermosbaenacea
385,0,0,0,0,0,0,0,0,0,0,220,Conocardiida
386,0,0,0,0,0,0,0,0,0,0,494,Heteronemertea
387,0,0,0,0,0,0,0,0,0,0,31,Holothyrida
388,41,0,0,0,0,0,0,0,0,0,187,Zygentoma
389,10,75,0,0,0,4,0,0,0,0,405,Osmeriformes
390,99,0,0,0,0,0,0,0,0,0,794,Plectida
391,604,0,0,0,0,0,0,0,0,0,866,Parachela
393,24,7,0,0,0,1,0,0,0,0,137,Mugiliformes
394,0,0,0,0,0,0,0,0,0,0,70,Cocculinida
395,0,0,0,0,0,0,0,0,0,0,475,Embioptera
396,0,0,0,0,0,0,0,0,0,0,140,Cyrtodontida
398,0,0,0,0,0,0,0,0,0,0,2907,Trepostomatida
399,2,0,0,0,0,0,0,0,0,0,74,Bursovaginoidea
400,4,1,0,0,0,0,0,0,0,0,89,Elopiformes
401,0,0,0,0,0,0,0,0,0,0,81,Millericrinida
402,3,0,0,0,0,0,0,0,0,0,166,Isocrinida
403,35,0,0,2,0,0,0,0,0,0,1070,Stolidobranchia
404,13,1,0,0,0,0,0,0,0,0,1233,Nuculanida
405,45,0,0,0,0,0,0,0,0,0,478,Ctenostomatida
406,11,38,0,0,0,0,0,2,0,0,776,Sphaeriida
408,0,0,0,0,0,0,0,0,0,0,179,Monstrilloida
409,1,0,0,0,0,0,0,0,0,0,72,Echinothurioida
410,23,13,0,0,0,0,0,2,8,0,119,Falconiformes
411,10,0,0,0,0,0,0,0,0,0,40,Scopalinida
412,19,0,0,0,0,0,0,0,0,0,238,Siphonophorae
413,4,0,0,0,0,0,0,0,0,0,131,Clymeniida
415,4,0,0,0,0,0,0,0,0,0,135,Synbranchiformes
416,0,0,0,0,0,0,0,0,0,0,3,Odontopleurida
417,0,0,0,0,0,0,0,0,0,0,16,Heliolitina
418,0,0,0,0,0,0,0,0,0,0,70,Limnomedusae
419,0,0,0,0,0,0,0,0,0,0,73,Albuliformes
420,54,0,0,0,0,0,0,0,0,0,359,Glomerida
421,0,0,0,0,0,0,0,0,0,0,69,Diphyllidea
422,29,0,0,0,0,0,0,0,0,0,695,Gyrodactylidea
425,3,0,0,0,0,0,0,0,0,0,1,Limnognathida
426,0,0,0,0,0,0,0,0,0,0,4,Mormonilloida
427,57,0,0,0,0,0,0,0,0,0,116,Plumatellida
428,54,0,0,0,0,0,0,0,0,0,620,Leucosolenida
430,0,1,0,0,0,0,0,0,0,0,93,Batrachoidiformes
431,0,0,0,0,0,0,0,0,0,0,57,Lepisosteiformes
432,4,0,0,0,0,0,0,0,0,0,396,Schizomida
433,0,0,0,0,0,0,0,0,0,0,8,Arthrochirotida
434,16,0,0,0,0,0,0,0,0,0,422,Bdelloidea
436,0,0,0,0,0,0,0,0,0,0,166,Siphonariida
437,0,0,0,0,0,0,0,0,0,0,117,Molpadida
438,32,29,0,0,0,2,1,0,10,0,230,Pelecaniformes
439,11,0,0,0,0,0,0,0,0,0,77,Hyracoidea
440,0,0,0,0,0,0,0,0,0,0,5,Colpomyida
441,2,0,0,0,0,0,0,0,0,0,210,Rhinebothriidea
442,99,0,0,0,0,0,0,0,0,0,179,Caryophyllidea
443,0,0,0,0,0,0,0,0,0,0,6,Vampyromorpha
444,0,0,0,0,0,0,0,0,0,0,17,Eoblattida
445,67,0,0,0,0,0,0,0,0,0,1170,Haplosclerida
447,3,5,0,0,0,0,0,2,2,0,20,Pteroclidiformes
448,4,2,0,0,0,0,0,0,0,0,304,Osteoglossiformes
449,8,0,0,0,0,0,0,0,0,0,90,Afrosoricida
450,2,0,0,0,0,0,0,0,0,0,192,Polystomatidea
452,4,0,0,0,0,0,0,0,0,0,228,Solemyida
453,1,0,0,0,0,0,0,0,0,0,83,Platydesmida
454,18,4,0,0,0,0,0,0,0,0,382,Anostraca
455,0,1,0,0,0,0,0,0,0,0,49,Corallimorpharia
456,11,0,0,0,0,0,0,0,0,0,158,Thecideida
457,7,0,0,0,0,0,0,0,0,0,1875,Cumacea
458,39,0,0,0,0,0,0,0,0,0,297,Spongillida
459,13,0,0,0,0,0,0,0,0,0,38,Struthioniformes
461,7,0,0,0,0,0,0,0,0,0,64,Zoraptera
462,0,0,0,0,0,0,0,0,0,0,153,Aplysiida
463,0,0,0,0,0,0,0,0,0,0,159,Phymosomatoida
464,0,0,0,0,0,0,0,0,0,0,20,Coliiformes
465,12,0,0,0,0,0,0,0,0,0,54,Glosselytrodea
466,6,0,0,0,0,0,0,0,0,0,67,Haplotaxida
467,0,0,0,0,0,0,0,0,0,0,69,Peramelemorphia
468,12,0,0,0,0,0,0,0,0,0,383,Polymorphida
471,0,0,0,0,0,0,0,0,0,0,118,Ricinulei
472,0,0,0,0,0,0,0,0,0,0,9,Litobothriidea
473,0,0,0,0,0,0,0,0,0,0,64,Heterodontiformes
474,0,0,0,0,0,0,0,0,0,0,156,Tetraphyllidea
475,4,1,0,0,0,0,0,0,0,0,76,Copelata
476,0,0,0,0,0,0,0,0,0,0,53,Solitaria
477,23,0,0,0,0,0,0,0,0,0,23,Monotremata
478,0,0,0,0,0,0,0,0,0,0,296,Prolecanitida
479,33,0,0,0,0,0,0,0,0,0,420,Lyssacinosida
480,30,0,0,0,0,0,0,0,0,0,157,Branchiobdellida
481,0,0,0,0,0,0,0,0,0,0,1407,Cystoporida
482,7,0,0,0,0,0,0,0,0,0,212,Tethyida
483,8,3,0,0,0,1,0,0,0,0,85,Torpediniformes
484,3,10,0,0,0,3,0,0,1,0,141,Suliformes
485,72,14,0,0,0,3,0,6,0,0,507,Myliobatiformes
486,1,0,0,0,0,0,0,0,0,0,613,Nuculida
487,40,14,0,0,0,1,0,0,0,0,41,Notacanthiformes
488,3,0,0,0,0,0,0,0,0,0,663,Limida
489,2,0,0,0,0,0,0,0,0,0,127,Diphyllobothriidea
490,0,0,0,0,0,0,0,0,0,0,135,Harpetida
491,1,0,0,0,0,0,0,0,0,0,125,Pleurobranchida
492,0,0,0,0,0,0,0,0,0,0,2,Trichoplacea
493,0,0,0,0,0,0,0,0,0,0,14,Chirodropida
495,1,0,0,0,0,0,0,0,0,0,61,Gonorynchiformes
496,0,0,0,0,0,0,0,0,0,0,125,Gyracanthocephala
497,62,0,0,0,0,0,0,0,0,0,846,Protura
498,0,5,0,0,0,2,0,2,3,0,23,Gaviiformes
499,0,0,0,0,0,0,0,0,0,0,2,Stichocotylida
500,9,7,0,0,0,4,0,0,1,0,42,Podicipediformes
501,0,7,0,0,0,0,0,0,0,0,40,Persiculida
502,0,0,0,0,0,0,0,0,0,0,23,Aspidodiadematoida
503,31,0,0,0,0,0,0,0,0,0,25,Pholidota
504,86,0,0,0,0,0,0,0,0,0,409,Sphaerotheriida
505,0,0,0,0,0,0,0,0,0,0,47,Sipunculiformes
506,0,0,0,0,0,0,0,0,0,0,17,Fecampiida
507,0,0,0,0,0,0,0,0,0,0,2,Halicryptomorpha
508,0,0,0,0,0,0,0,0,0,0,1,Palaeopantopoda
509,3,0,0,0,0,0,0,0,0,0,104,Golfingiiformes
512,131,0,0,0,0,0,0,0,0,0,1014,Ixodida
513,0,0,0,0,0,0,0,0,0,0,161,Coloniales
515,2,0,0,0,0,0,0,0,0,0,219,Monocotylidea
516,0,0,0,0,0,0,0,0,0,0,14,Encrinida
517,0,0,0,0,0,0,0,0,0,0,4,Bothrioplanida
518,0,0,0,0,0,0,0,0,0,0,2,Cryptolobiferida
520,0,0,0,0,0,0,0,0,0,0,85,Craniida
521,2,0,0,0,0,0,0,0,0,0,34,Ophioleucida
522,9,0,0,0,0,0,0,0,0,0,186,Neoechinorhynchida
524,0,0,0,0,0,0,0,0,0,0,52,Trogoniformes
525,24,0,0,0,0,0,0,0,0,0,155,Bubarida
526,4,0,0,0,0,0,0,0,0,0,38,Desmacellida
527,48,0,0,0,0,0,0,0,0,0,184,Echinorhagata
528,0,0,0,0,0,0,0,0,0,0,64,Lophogastrida
529,0,0,0,0,0,0,0,0,0,0,52,Miomoptera
530,0,0,0,0,0,0,0,0,0,0,61,Collothecacea
531,127,0,0,0,0,0,0,0,0,0,224,Arthrotardigrada
532,0,0,0,0,0,0,0,0,0,0,31,Chelodida
534,32,0,0,0,0,0,0,0,0,0,462,Triplonchida
535,129,91,0,0,38,6,0,49,0,0,409,Salmoniformes
537,0,0,0,0,0,0,0,0,0,0,15,Muspiceida
538,0,0,0,0,0,0,0,0,0,0,23,Musophagiformes
539,12,10,0,0,0,0,0,2,0,0,81,Gasterosteiformes
540,7,0,0,0,0,0,0,0,0,0,164,Bathynellacea
541,0,0,0,0,0,0,0,0,0,0,146,Coelacanthiformes
542,0,0,0,0,0,0,0,0,0,0,193,Actinodontida
543,0,0,0,0,0,0,0,0,0,0,55,Dendrogastrida
544,0,0,0,0,0,0,0,0,0,0,41,Akentrogonida
545,2,0,0,0,0,0,0,0,0,0,46,Lobata
546,69,5,0,0,0,0,0,0,2,0,70,Ciconiiformes
547,0,0,0,0,0,0,0,0,0,0,10,Esthonioporata
548,5,0,0,0,0,0,0,0,0,0,82,Runcinida
549,0,0,0,0,0,0,0,0,0,0,11,Olenellida
550,2,0,0,0,0,0,0,0,0,0,3,Eurypygiformes
551,35,0,0,0,0,0,0,0,0,0,124,Palpigradi
552,0,0,0,0,0,0,0,0,0,0,183,Megalodontida
553,1,3,0,0,2,1,0,2,0,0,61,Esociformes
554,0,0,0,0,0,0,0,0,0,0,24,Baerida
555,0,0,0,0,0,0,0,0,0,0,24,Euhirudinea
556,6,0,0,0,0,0,0,0,0,0,23,Anomoirhaga
557,5,0,0,0,0,0,0,0,0,0,161,Stemmiulida
558,6,0,0,0,0,0,0,0,0,0,29,Rhabdopleurida
559,0,0,0,0,0,0,0,0,0,0,63,Holectypoida
560,0,0,0,0,0,0,0,0,0,0,191,Modiomorphida
562,0,0,0,0,0,0,0,0,0,0,45,Nanaloricida
563,0,0,0,0,0,0,0,0,0,0,65,Stomopneustoida
566,0,0,0,0,0,0,0,0,0,0,62,Euaxosida
567,0,0,0,0,0,0,0,0,0,0,19,Priapulomorpha
568,3,0,0,0,0,0,0,0,0,0,42,Carybdeida
569,0,0,0,0,0,0,0,0,0,0,1,Cambojiida
570,0,0,0,0,0,0,0,0,0,0,280,Gymnotiformes
571,10,0,0,0,0,0,0,0,0,0,14,Sphaerocladina
572,17,0,0,0,0,0,0,0,0,0,139,Polymastiida
573,9,0,0,0,0,0,0,0,0,0,143,Chaetodermatida
575,0,0,0,0,0,0,0,0,0,0,51,Scalpelliformes
577,0,0,0,0,0,0,0,0,0,0,163,Uropygi
578,0,0,0,0,0,0,0,0,0,0,71,Leptostraca
579,0,0,0,0,0,0,0,0,0,0,2,Craterostigmomorpha
580,0,0,0,0,0,0,0,0,0,0,536,Dentaliida
581,0,0,0,0,0,0,0,0,0,0,6,Nippotaeniidea
582,0,0,0,0,0,0,0,0,0,0,12,Fordillida
583,0,0,0,0,0,0,0,0,0,0,202,Amphidiscosida
584,0,0,0,0,0,0,0,0,0,0,55,Tinamiformes
585,0,0,0,0,0,0,0,0,0,0,7,Apororhynchida
587,0,0,0,0,0,0,0,0,0,0,64,Laurida
588,0,0,0,0,0,0,0,0,0,0,23,Moniliformida
589,0,0,0,0,0,0,0,0,0,0,71,Hadrosida
590,0,0,0,0,0,0,0,0,0,0,4,Trichasteropsida
592,0,0,0,0,0,0,0,0,0,0,17,Microbiotheria
593,0,0,0,0,0,0,0,0,0,0,116,Melicerititida
594,2,8,0,0,8,2,0,8,0,0,116,Acipenseriformes
595,0,0,0,0,0,0,0,0,0,0,12,Tentaculitida
596,0,3,0,0,0,0,0,0,0,0,10,Bathyteuthida
597,0,1,0,0,0,0,0,0,0,0,35,Polymixiiformes
598,0,0,0,0,0,0,0,0,0,0,67,Pygophora
600,24,0,0,0,0,0,0,0,0,0,120,Semaeostomeae
601,0,0,0,0,0,0,0,0,0,0,70,Phragmophora
602,4,0,0,0,0,0,0,0,0,0,133,Siphonophorida
603,0,0,0,0,0,0,0,0,0,0,26,Doliolida
604,0,0,0,0,0,0,0,0,0,0,113,Brisingida
605,0,0,0,0,0,0,0,0,0,0,10,Leperditicopida
606,2,0,0,0,0,0,0,0,0,0,55,Callochitonida
607,58,0,0,0,0,0,0,0,0,0,136,Homosclerophorida
608,9,1,0,0,0,0,0,0,0,0,31,Neopilinida
609,0,0,0,0,0,0,0,0,0,0,8,Cariamiformes
612,0,0,0,0,0,0,0,0,0,0,50,Phascolosomatiformes
613,0,0,0,0,0,0,0,0,0,0,5,Chimaericolidea
614,27,3,0,0,0,0,0,0,0,0,93,Myxiniformes
615,0,0,0,0,0,0,0,0,0,0,1,Leptosomiformes
616,0,0,0,0,0,0,0,0,0,0,51,Pedinoida
617,8,0,0,0,0,0,0,0,0,0,8,Titanoptera
618,0,0,0,0,0,0,0,0,0,0,10,Casuariiformes
619,0,0,0,0,0,0,0,0,0,0,5,Hypoperlida
620,0,0,0,0,0,0,0,0,0,0,9,Parvidrilida
621,0,4,0,0,0,0,0,0,0,0,31,Notostraca
622,0,0,0,0,0,0,0,0,0,0,36,Polypteriformes
623,0,0,0,0,0,0,0,0,0,0,2,Haplobothriidea
624,0,0,0,0,0,0,0,0,0,0,12,Brachypoda
625,12,0,0,0,0,0,0,0,0,0,127,Polyzoniida
626,0,0,0,0,0,0,0,0,0,0,28,Filospermoidea
627,0,0,0,0,0,0,0,0,0,0,4,Xenosomata
628,0,0,0,0,0,0,0,0,0,0,3,Seisonacea
629,0,0,0,0,0,0,0,0,0,0,30,Prorhynchida
630,0,0,0,0,0,0,0,0,0,0,3,Peripodida
631,0,0,0,0,0,0,0,0,0,0,70,Gigantorhynchida
632,4,2,0,0,0,0,0,0,0,0,15,Ateleopodiformes
633,35,0,0,0,0,0,0,0,0,0,18,Nemertodermatida
634,0,0,0,0,0,0,0,0,0,0,29,Aspidosiphoniformes
635,0,0,0,0,0,0,0,0,0,0,2,Cestida
636,0,0,0,0,0,0,0,0,0,0,182,Flosculariaceae
637,0,0,0,0,0,0,0,0,0,0,13,Alluroidida
638,14,0,0,0,0,0,0,0,0,0,88,Dolichomicrostomida
639,0,0,0,0,0,0,0,0,0,0,77,Ophioscolecida
640,0,0,0,0,0,0,0,0,0,0,17,Umbraculida
641,7,0,0,0,0,0,0,0,0,0,90,Paoliida
643,0,0,0,0,0,0,0,0,0,0,19,Actinulida
644,7,0,0,0,0,0,0,0,0,0,19,Dioctophymatida
646,0,0,0,0,0,0,0,0,0,0,90,Euphausiacea
647,4,27,0,0,0,0,0,0,0,0,89,Stephanoberyciformes
648,0,0,0,0,0,0,0,0,0,0,1,Montchadskyellidea
649,0,0,0,0,0,0,0,0,0,0,1,Enantiopoda
650,0,0,0,0,0,0,0,0,0,0,163,Salenioida
651,0,0,0,0,0,0,0,0,0,0,4,Siphoniulida
652,0,1,0,0,0,0,0,0,0,0,7,Phaethontiformes
653,0,0,0,0,0,0,0,0,0,0,47,Merliida
654,0,0,0,0,0,0,0,0,0,0,3,Mesitornithiformes
655,0,0,0,0,0,0,0,0,0,0,29,Lithonida
656,12,0,0,0,0,0,0,0,0,0,3,Acanthobdellida
657,0,0,0,0,0,0,0,0,0,0,23,Siphonotretida
658,0,0,0,0,0,0,0,0,0,0,2,Seticoronaria
659,0,0,0,0,0,0,0,0,0,0,37,Misophrioida
660,1,0,0,0,0,0,0,0,0,0,415,Gordioidea
661,0,0,0,0,0,0,0,0,0,0,6,Pennatulacea
662,0,0,0,0,0,0,0,0,0,0,10,Cathetocephalidea
664,0,0,0,0,0,0,0,0,0,0,1,Thermozodia
666,0,0,0,0,0,0,0,0,0,0,6,Gnosonesimida
667,0,0,0,0,0,0,0,0,0,0,1,Diplobelida
669,0,0,0,0,0,0,0,0,0,0,14,Gyrocotylidea
670,2,2,0,0,0,0,0,0,0,0,62,Neomphalida
671,0,0,0,0,0,0,0,0,0,0,4,Polyacanthorhynchida
672,5,5,0,0,0,1,0,0,0,0,53,Myopsida
673,0,0,0,0,0,0,0,0,0,0,10,Afghanodesmatida
674,0,0,0,0,0,0,0,0,0,0,2,Micropygoida
675,0,0,0,0,0,0,0,0,0,0,4,Mariplanellida
676,0,0,0,0,0,0,0,0,0,0,8,Apygophora
677,1,0,0,0,0,0,0,0,0,0,38,Scandentia
679,0,0,0,0,0,0,0,0,0,0,1,Arhynchonemertea
681,0,0,0,0,0,0,0,0,0,0,1,Polyplacotomea
682,0,0,0,0,0,0,0,0,0,0,11,Platycopioida
683,6,3,0,0,0,1,0,3,0,0,49,Squatiniformes
684,0,0,0,0,0,0,0,0,0,0,193,Moniligastrida
685,0,0,0,0,0,0,0,0,0,0,8,Pyrosomatida
687,0,0,0,0,0,0,0,0,0,0,8,Hexamerocerata
689,2,0,0,0,0,0,0,0,0,0,36,Glomeridesmida
690,0,0,0,0,0,0,0,0,0,0,1,Heteramorphida
691,0,0,0,0,0,0,0,0,0,0,1,Palaeoisopoda
693,0,0,0,0,0,0,0,0,0,0,4,Zosterogrammida
694,0,0,0,0,0,0,0,0,0,0,6,Bochusacea
695,0,0,0,0,0,0,0,0,0,0,75,Cyrtoneritida
696,0,0,0,0,0,0,0,0,0,0,13,Mystacocaridida
697,0,0,0,0,0,0,0,0,0,0,2,Symbiida
698,1,0,0,0,0,0,0,0,0,0,7,Siphonocryptida
700,0,0,0,0,0,0,0,0,0,0,2,Ganeshida
702,0,0,0,0,0,0,0,0,0,0,1,Thalassocalycida
704,0,0,0,0,0,0,0,0,0,0,2,Hoilungea
705,0,0,0,1,0,0,0,0,0,0,13,Rheiformes
708,1,0,0,0,0,0,0,0,0,0,36,Mantophasmatodea
712,6,0,0,0,0,0,0,0,0,0,12,Chondrosiida
713,0,0,0,0,0,0,0,0,0,0,30,Beroida
714,0,0,0,0,0,0,0,0,0,0,8,Apterygiformes
715,0,0,0,0,0,0,0,0,0,0,7,Idiosepida
716,0,0,0,0,0,0,0,0,0,0,1,Meiopriapulomorpha
717,0,0,0,0,0,0,0,0,0,0,1,Narapida
718,0,0,0,0,0,0,0,0,0,0,13,Isolaimida
719,0,0,0,0,0,0,0,0,0,0,1,Lagarocotylidea
720,106,0,0,0,0,0,0,0,0,0,55,Apochela
721,0,0,0,0,0,0,0,0,0,0,19,Tubulidentata
722,0,0,0,0,0,0,0,0,0,0,2,Gelyelloida
724,0,0,0,0,0,0,0,0,0,0,1,Nectopantopoda
725,0,0,0,0,0,0,0,0,0,0,4,Opisthocomiformes
726,0,0,0,0,0,0,0,0,0,0,2,Tuarangiida
727,0,0,0,0,0,0,0,0,0,0,4,Steatornithiformes
730,0,0,0,0,0,0,0,0,0,0,4,Randiellida
732,0,0,0,0,0,0,0,0,0,0,6,Capilloventrida
733,0,0,0,0,0,0,0,0,0,0,7,Proparia
734,4067,428,18,2,89,0,0,55,0,0,31585,Lamiales
735,278,65,0,0,0,0,0,0,0,0,3076,Porellales
736,270,7,0,0,4,0,0,4,0,0,1041,Geraniales
737,5042,718,73,0,61,0,0,72,0,0,44812,Asparagales
738,460,58,0,0,23,0,0,17,0,0,3828,Boraginales
739,7,0,0,0,0,0,0,0,0,0,166,Escalloniales
740,912,36,14,0,13,0,0,10,0,0,8407,Malvales
741,5128,337,42,2,125,0,5,112,0,0,45742,Asterales
742,561,64,17,0,21,0,2,15,0,0,3873,Saxifragales
743,517,181,0,0,11,0,0,21,0,0,11113,Polypodiales
744,337,12,0,3,0,0,0,0,0,0,4275,Laurales
745,1813,81,0,1,16,0,2,8,0,0,25388,Gentianales
746,1155,33,4,0,5,0,0,11,0,0,5215,Solanales
747,2891,558,291,2,35,0,3,50,0,0,25925,Fabales
748,2387,179,35,0,20,0,1,12,0,0,21944,Malpighiales
749,1079,37,6,0,0,0,3,2,0,0,7961,Sapindales
750,125,0,0,0,0,0,0,0,0,0,1750,Pandanales
751,6279,1073,172,7,38,0,8,22,0,0,29095,Poales
752,815,112,20,1,17,0,0,13,0,0,7029,Ranunculales
753,0,0,0,0,0,0,0,0,0,0,91,Hypnodendrales
754,828,144,0,1,7,0,5,6,0,0,6025,Alismatales
755,471,4,0,0,0,0,3,0,0,0,2427,Proteales
756,1725,248,91,0,48,0,0,51,0,0,6029,Brassicales
757,58,12,0,8,1,0,3,0,0,0,1509,Celastrales
758,4802,247,25,1,72,0,3,58,0,0,16092,Caryophyllales
759,1358,120,25,0,25,0,2,12,0,0,15782,Ericales
760,2687,85,2,3,1,0,0,3,0,0,1918,Pinales
762,4,0,0,0,0,0,0,0,0,0,243,Marattiales
763,355,6,1,0,1,0,0,0,0,0,3213,Arecales
764,2181,62,0,0,1,0,3,2,0,0,16720,Myrtales
765,18,0,0,0,0,0,0,0,0,0,165,Chlamydomonadales
766,3077,552,118,5,17,0,1,20,0,0,13655,Rosales
767,166,9,0,0,3,0,0,2,0,0,2758,Santalales
768,580,425,0,0,10,0,0,0,0,0,4420,Hypnales
769,104,0,0,1,0,0,0,0,0,0,1346,Ceramiales
770,20,6,0,0,0,0,0,0,0,0,82,Pallaviciniales
771,410,120,1,0,21,0,0,17,0,0,2264,Liliales
772,1,0,0,0,0,0,0,0,0,0,67,Metteniusales
773,1151,142,36,0,39,0,8,15,0,0,6660,Apiales
774,382,35,3,3,4,0,0,4,0,0,1586,Dipsacales
776,173,156,0,0,1,0,0,0,0,0,1107,Bryales
777,0,0,0,0,0,0,0,0,0,0,15,Sycidiales
778,339,306,0,0,5,0,0,0,0,0,3354,Jungermanniales
779,6,0,0,0,0,0,0,0,0,0,299,Gleicheniales
780,3,0,0,0,0,0,0,0,0,0,129,Cardiopteridales
781,39,0,0,0,0,0,0,0,0,0,653,Gigartinales
782,7,0,0,0,0,0,0,0,0,0,602,Zygnematales
783,68,8,0,0,0,0,0,0,0,0,714,Aquifoliales
784,203,0,1,0,0,0,0,0,0,0,3601,Cucurbitales
785,22,9,0,0,1,0,0,0,0,0,617,Hookeriales
786,0,0,0,0,0,0,0,0,0,0,70,Dendrocerotales
787,338,2,2,0,0,0,0,0,0,0,1248,Vitales
788,756,231,0,0,6,0,0,0,0,0,2217,Dicranales
789,65,0,0,0,0,0,0,0,0,0,2236,Oxalidales
790,7,0,0,0,0,0,0,0,0,0,89,Ulotrichales
791,329,2,0,0,0,0,0,0,0,0,3988,Magnoliales
792,493,1,0,0,0,0,0,0,0,0,3464,Zingiberales
794,239,10,0,0,0,0,0,0,0,0,259,Charales
795,505,247,0,0,2,0,0,0,0,0,1330,Pottiales
796,0,0,0,0,0,0,0,0,0,0,32,Huerteales
797,0,2,0,0,0,0,0,0,0,0,28,Hypopterygiales
799,200,181,0,0,0,0,0,0,0,0,504,Grimmiales
800,0,1,0,0,0,0,0,0,0,0,1,Catoscopiales
801,2,0,0,0,0,0,0,0,0,0,244,Rhodymeniales
802,42,0,0,0,0,0,0,0,0,0,755,Cycadales
803,0,0,0,0,0,0,0,0,0,0,34,Nemastomatales
804,13,0,0,0,0,0,0,0,0,0,96,Chloranthales
805,26,0,0,0,0,0,0,0,0,0,205,Ulvales
807,4,0,0,0,0,0,0,0,0,0,487,Volvocales
808,0,0,0,0,0,0,0,0,0,0,4,Rhodogorgonales
809,0,0,0,0,0,0,0,0,0,0,49,Ptychomniales
811,188,1,0,0,0,0,0,0,0,0,4956,Piperales
812,64,6,0,0,0,0,1,0,0,0,1115,Commelinales
813,98,1,0,0,1,0,0,0,0,0,942,Cyatheales
814,272,83,0,0,3,0,0,0,0,0,551,Marchantiales
815,83,1,0,0,0,0,0,0,0,0,960,Cornales
816,0,0,0,0,0,0,0,0,0,0,39,Erythropeltidales
817,1,0,0,0,0,0,0,0,0,0,2,Takakiales
818,0,0,0,0,0,0,0,0,0,0,106,Chaetophorales
820,0,0,0,0,0,0,0,0,0,0,19,Coleochaetales
821,2191,87,5,0,2,0,0,2,0,0,2652,Fagales
822,1,0,0,0,0,0,0,0,0,0,4,Berberidopsidales
823,2,0,0,0,0,0,0,0,0,0,252,Dasycladales
824,18,0,0,0,2,0,0,0,0,0,788,Corallinales
825,24,14,0,0,0,0,0,0,0,0,212,Equisetales
826,0,0,0,0,0,0,0,0,0,0,507,Sphaeropleales
827,0,1,0,0,0,0,0,0,0,0,12,Pleuroziales
828,5,0,0,1,0,0,0,0,0,0,345,Bryopsidales
829,8,0,0,0,0,0,0,0,0,0,157,Oocystales
830,80,27,0,0,4,0,0,6,0,0,264,Isoetales
831,6,0,0,0,0,0,0,0,0,0,6,Welwitschiales
832,7,4,0,0,0,0,0,0,0,0,134,Anthocerotales
833,18,0,0,0,0,0,0,0,0,0,1141,Desmidiales
835,8,0,0,0,0,0,0,0,0,0,159,Chlorellales
836,2,0,0,0,0,0,0,0,0,0,33,Palmariales
837,10,2,0,0,0,0,0,0,0,0,1,Lunulariales
838,0,0,0,1,0,0,0,0,0,0,62,Siphonocladales
841,101,39,0,0,0,0,0,0,0,0,226,Polytrichales
842,32,2,0,0,0,0,0,0,0,0,344,Zygophyllales
843,9,0,0,1,0,0,0,0,0,0,126,Halymeniales
844,0,0,0,0,0,0,0,0,0,0,619,Dilleniales
846,116,3,0,0,0,0,0,0,0,0,1049,Dioscoreales
847,0,0,0,0,0,0,0,0,0,0,46,Pyramimonadales
848,16,3,0,0,0,0,0,0,0,0,8,Ptilidiales
849,7,0,0,0,0,0,0,0,0,0,153,Nemaliales
851,287,76,0,0,76,0,0,0,0,0,320,Sphagnales
852,0,0,0,0,0,0,0,0,0,0,209,Cladophorales
853,20,12,0,0,1,0,0,0,0,0,69,Sphaerocarpales
854,58,16,0,0,18,0,0,1,0,0,676,Lycopodiales
855,8,6,0,0,0,0,0,0,0,0,20,Orthodontiales
856,7,0,0,0,0,0,0,0,0,0,393,Ginkgoales
857,1,6,0,0,0,0,0,0,0,0,11,Ceratophyllales
858,0,0,0,0,0,0,0,0,0,0,273,Oedogoniales
859,15,2,0,0,0,0,0,0,0,0,147,Buxales
860,0,0,0,0,0,0,0,0,0,0,120,Acrochaetiales
861,33,21,0,0,4,0,0,5,0,0,155,Ophioglossales
862,0,0,0,0,0,0,0,0,0,0,40,Paracryphiales
863,299,5,0,0,1,0,0,1,0,0,641,Hymenophyllales
864,0,0,0,0,0,0,0,0,0,0,1,Mesostigmatales
865,0,0,0,0,0,0,0,0,0,0,2,Archaeolithophyllales
866,39,13,2,0,0,0,1,0,0,0,184,Nymphaeales
867,0,0,0,0,0,0,0,0,0,0,85,Peyssonneliales
869,0,0,0,0,0,0,0,0,0,0,7,Chaetosphaeridiales
870,0,0,0,0,0,0,3,0,0,0,107,Gunnerales
871,38,30,0,0,0,0,0,0,0,0,282,Bartramiales
872,6,0,0,0,0,0,0,0,0,0,15,Mamiellales
873,0,1,0,0,0,0,0,0,0,0,34,Rhizogoniales
874,5,0,0,0,0,0,0,0,0,0,109,Austrobaileyales
875,6,1,0,0,0,0,0,0,0,0,73,Crossosomatales
876,2,0,0,0,0,0,0,0,0,0,207,Icacinales
877,0,0,0,0,0,0,0,0,0,0,12,Receptaculitales
878,140,0,0,0,0,0,0,0,0,0,85,Batrachospermales
881,0,0,0,0,0,0,0,0,0,0,2,Pleurastrales
882,20,7,0,0,0,0,0,0,0,0,817,Selaginellales
883,6,2,0,0,0,0,0,0,0,0,36,Archidiales
884,3,0,0,1,0,0,1,0,0,0,372,Schizaeales
885,0,0,0,0,0,0,0,0,0,0,2,Chlorocystidales
886,3,5,0,0,2,0,0,0,0,0,71,Notothyladales
887,360,97,0,0,1,0,0,0,0,0,800,Orthotrichales
888,40,20,0,0,0,0,0,0,0,0,461,Metzgeriales
889,0,0,0,0,0,0,0,0,0,0,66,Tetrasporales
890,14,14,0,0,0,0,0,0,0,0,59,Scouleriales
891,11,2,0,0,0,0,0,0,0,0,146,Osmundales
892,20,0,0,0,0,0,0,0,0,0,46,Trebouxiales
894,5,0,0,0,0,0,0,0,0,0,99,Canellales
895,0,0,0,0,0,0,0,0,0,0,1,Entwisleiales
896,0,0,0,0,0,0,0,0,0,0,19,Stylonematales
897,6,0,0,0,0,0,0,0,0,0,39,Prasiolales
898,7,0,0,0,0,0,0,0,0,0,113,Gelidiales
899,0,0,0,0,0,0,0,0,0,0,3,Rhodachlyales
900,0,0,0,0,0,0,0,0,0,0,12,Chaetopeltidales
901,0,0,0,0,0,0,0,0,0,0,3,Balliales
903,51,31,0,0,0,0,0,0,0,0,242,Funariales
904,0,0,0,0,0,0,0,0,0,0,94,Bruniales
905,0,6,0,0,0,0,0,0,0,0,47,Hedwigiales
906,3,0,0,0,0,0,0,0,0,0,4,Glaucosphaerales
907,0,0,0,0,0,0,0,0,0,0,2,Lyonophytales
908,0,3,0,0,0,0,0,0,0,0,17,Pelliales
909,85,19,0,0,2,0,0,0,0,0,110,Fossombroniales
910,2,0,0,0,0,0,0,0,0,0,2,Cyanidiales
912,17,0,0,0,0,0,0,0,0,0,22,Bonnemaisoniales
913,2,0,0,0,0,0,0,0,0,0,130,Gracilariales
914,2,0,0,0,0,0,0,0,0,0,30,Klebsormidiales
915,0,0,0,0,0,0,0,0,0,0,9,Calobryales
917,0,0,0,0,0,0,0,0,0,0,20,Halosphaerales
918,0,4,0,0,0,0,0,0,0,0,5,Tetraphidales
919,0,0,0,0,0,0,0,0,0,0,5,Cyclocrinales
920,0,3,0,0,0,0,0,0,0,0,13,Aulacomniales
921,7,0,0,0,0,0,0,0,0,0,25,Chlorodendrales
923,0,0,0,0,0,0,0,0,0,0,2,Pseudoditrichales
925,0,0,0,0,0,0,0,0,0,0,5,Compsopogonales
926,4,3,0,0,0,0,0,0,0,0,7,Acorales
927,32,42,0,0,2,0,0,0,0,0,90,Splachnales
928,0,0,0,0,0,0,0,0,0,0,7,Langiophytales
929,0,0,0,0,0,0,0,0,0,0,56,Picramniales
930,0,0,0,0,0,0,0,0,0,0,6,Thoreales
931,0,0,0,0,0,0,0,0,0,0,1,Leiosporocerotales
932,6,0,0,0,0,0,0,0,0,0,98,Bangiales
933,9,17,0,0,1,0,0,0,0,0,44,Encalyptales
934,0,0,0,0,0,0,0,0,0,0,1,Balbianiales
935,10,2,0,0,0,0,0,2,0,0,21,Psilotales
936,9,0,0,0,0,0,0,0,0,0,32,Garryales
937,0,0,0,0,0,0,0,0,0,0,2,Dunaliellales
938,0,0,0,0,0,0,0,0,0,0,3,Scourfieldiales
939,0,0,0,0,0,0,0,0,0,0,10,Treubiales
940,0,2,0,0,0,0,0,0,0,0,4,Bryoxiphiales
941,0,0,0,0,0,0,0,0,0,0,4,Pedinomonadales
942,31,11,0,0,6,0,1,8,0,0,130,Salviniales
943,0,0,0,0,0,0,0,0,0,0,13,Nephroselmidales
944,26,15,0,0,0,0,0,0,0,0,104,Ephedrales
946,0,0,0,0,0,0,0,0,0,0,11,Acrosymphytales
947,0,0,0,0,0,0,0,0,0,0,42,Trentepohliales
948,0,0,0,0,0,0,0,0,0,0,28,Colaconematales
949,0,0,0,0,0,0,0,0,0,0,5,Vahliales
950,3,0,0,0,0,0,0,0,0,0,2,Dixoniellales
951,0,2,0,0,0,0,0,0,0,0,7,Gigaspermales
952,0,0,0,0,0,0,0,0,0,0,3,Naiaditales
953,5,0,0,0,0,0,0,0,0,0,15,Trochodendrales
954,0,0,0,0,0,0,0,0,0,0,30,Pseudoscourfieldiales
955,0,0,0,0,0,0,0,0,0,0,5,Chlorokybales
956,0,0,0,0,0,0,0,0,0,0,1,Marsupiomonadales
957,0,0,0,0,0,0,0,0,0,0,2,Oltmannsiellopsidales
958,0,0,0,0,0,0,0,0,0,0,1,Corynodactylales
959,4,0,0,0,0,0,0,0,0,0,34,Plocamiales
962,0,0,0,0,0,0,0,0,0,0,4,Petrosaviales
963,0,0,0,0,0,0,0,0,0,0,1,Andreaeobryales
964,0,0,0,0,0,0,0,0,0,0,11,Sebdeniales
965,0,1,0,0,0,0,0,0,0,0,1,Disceliales
966,0,0,0,0,0,0,0,0,0,0,2,Chloropicales
967,0,0,0,0,0,0,0,0,0,0,1,Neohodgsoniales
968,0,1,0,0,0,0,0,0,0,0,2,Phymatocerotales
969,39,0,0,0,0,0,0,0,0,0,109,Gnetales
970,0,0,0,0,0,0,0,0,0,0,1,Scotinosphaerales
971,6,0,0,0,0,0,0,0,0,0,6,Porphyridiales
973,114,16,0,0,0,0,0,0,0,0,91,Andreaeales
974,0,0,0,0,0,0,0,0,0,0,1,Moellerinales
975,0,0,0,0,0,0,0,0,0,0,1,Rhodochaetales
976,1,1,0,0,0,0,0,0,0,0,17,Diphysciales
977,0,0,0,0,0,0,0,0,0,0,3,Palmophyllales
978,0,1,0,0,0,0,0,0,0,0,4,Blasiales
979,29,0,0,0,0,0,0,0,0,0,12,Hildenbrandiales
980,0,0,0,0,0,0,0,0,0,0,5,Dolichomastigales
981,0,1,0,0,0,0,0,0,0,0,1,Oedipodiales
982,0,0,0,0,0,0,0,0,0,0,1,Rufusiales
984,0,0,0,0,0,0,0,0,0,0,1,Amborellales
985,0,6,0,0,0,0,0,0,0,0,8,Timmiales
986,0,0,0,0,0,0,0,0,0,0,1,Caulerpales
987,0,0,0,0,0,0,0,0,0,0,6,Ahnfeltiales
988,0,0,0,0,0,0,0,0,0,0,5,Glaucocystales
989,0,0,0,0,0,0,0,0,0,0,1,Helicophyllales
991,0,0,0,0,0,0,0,0,0,0,1,Microthamniales
992,0,0,0,0,0,0,0,0,0,0,1,Rhodellales
993,0,0,0,0,0,0,0,0,0,0,1,Picocystales
994,36,3,0,0,2,0,0,0,0,0,12,Buxbaumiales
995,462,33,0,0,0,0,0,0,0,0,2589,Boletales
996,182,1,0,0,0,0,0,0,0,0,1503,Hymenochaetales
997,3458,116,0,0,0,0,0,0,0,0,27056,Agaricales
998,0,0,0,0,0,0,0,0,0,0,177,Allogromiida
999,424,0,0,0,0,0,0,0,0,0,1537,Saccharomycetales
1000,1019,0,0,0,0,0,0,0,0,0,4294,Diaporthales
1001,0,0,0,0,0,0,0,0,0,0,14763,Rotaliida
1002,3183,16,0,0,10,0,0,0,0,0,7290,Lecanorales
1003,30,0,0,0,0,0,0,0,0,0,51,Cystofilobasidiales
1004,3395,0,0,0,0,0,0,0,0,0,13330,Pleosporales
1005,752,5,0,0,0,0,0,0,0,0,3241,Pezizales
1006,51,0,0,0,0,0,0,0,0,0,338,Ophiostomatales
1007,0,0,0,0,0,0,0,0,0,0,2010,Endothyrida
1008,0,0,0,0,0,0,0,0,0,0,432,Nassellaria
1009,229,0,0,0,0,0,0,0,0,0,895,Chaetothyriales
1010,48,0,0,0,0,0,0,0,0,0,1619,Asterinales
1011,0,0,0,0,0,0,0,0,0,0,4427,Miliolida
1012,2,0,0,0,0,0,0,0,0,0,115,Monoblastiales
1013,0,0,0,0,0,0,0,0,0,0,75,Pyrenomonadales
1014,0,0,0,0,0,0,0,0,0,0,1218,Astrorhizida
1016,672,15,0,0,0,0,0,0,0,0,4282,Polyporales
1017,0,2,0,0,0,0,0,0,0,0,621,Oxytrichida
1018,430,0,0,0,0,0,0,0,0,0,1617,Arthoniales
1019,3,0,0,0,0,0,0,0,0,0,197,Exobasidiales
1021,0,0,0,0,0,0,0,0,0,0,1,Robbauerales
1022,0,0,0,0,0,0,0,0,0,0,201,Rhaponeidales
1023,0,0,0,0,0,0,0,0,0,0,503,Eugregarinorida
1024,134,0,0,0,0,0,0,0,0,0,8543,Pucciniales
1025,31,0,0,0,0,0,0,0,0,0,238,Corticiales
1026,0,0,0,0,0,0,0,0,0,0,465,Euglenida
1027,0,0,0,0,0,0,0,0,0,0,605,Peridiniales
1028,1334,0,0,0,0,0,0,0,0,0,6487,Hypocreales
1029,841,0,0,0,0,0,0,0,0,0,9273,Helotiales
1030,0,0,0,0,0,0,0,0,0,0,3952,Lituolida
1032,179,0,0,0,0,0,0,0,0,0,996,Microthyriales
1033,370,3,0,0,0,0,0,0,0,0,1557,Caliciales
1034,456,4,0,0,0,0,0,0,0,0,1500,Peltigerales
1035,0,0,0,0,0,0,0,0,0,0,260,Rhopalodiales
1036,8,0,0,0,0,0,0,0,0,0,68,Eremithallales
1037,0,0,0,0,0,0,0,0,0,0,450,Suctorida
1038,63,0,0,0,0,0,0,0,0,0,471,Tubeufiales
1039,0,0,0,0,0,0,0,0,0,0,449,Urostylida
1040,1452,0,0,0,0,0,0,0,0,0,7224,Mycosphaerellales
1041,0,0,0,0,0,0,0,0,0,0,2541,Cymbellales
1042,66,1,0,0,0,0,0,0,0,0,225,Dacrymycetales
1043,2,0,0,0,0,0,0,0,0,0,208,Fucales
1044,0,0,0,0,0,0,0,0,0,0,7083,Fusulinida
1045,119,0,0,0,0,0,0,0,0,0,397,Auriculariales
1046,0,0,0,0,0,0,0,0,0,0,35,Coccolithales
1047,0,0,0,0,0,0,0,0,0,0,1232,Chaetocerotales
1048,0,0,0,0,0,0,0,0,0,0,1959,Textulariida
1049,429,0,0,0,0,0,0,0,0,0,656,Trypetheliales
1050,5,0,0,0,0,0,0,0,0,0,276,Coronophorales
1051,806,10,0,0,0,0,0,0,0,0,3656,Russulales
1052,0,0,0,0,0,0,0,0,0,0,9432,Naviculales
1053,0,0,0,0,0,0,0,0,0,0,314,Eucoccidiorida
1054,0,0,0,0,0,0,0,0,0,0,461,Spathidiida
1055,37,0,0,0,0,0,0,0,0,0,168,Diversisporales
1056,373,0,0,0,0,0,0,0,0,0,1212,Verrucariales
1058,30,0,0,0,0,0,0,0,0,0,409,Pyrenulales
1059,0,0,0,0,0,0,0,0,0,0,1415,Fragilariales
1060,0,0,0,0,0,0,0,0,0,0,5,Diplonemida
1061,49,0,0,0,0,0,0,0,0,0,265,Leotiales
1062,0,0,0,0,0,0,0,0,0,0,10,Protocruziida
1064,369,0,0,0,0,0,0,0,0,0,1048,Microascales
1065,0,0,0,0,0,0,0,0,0,0,26,Chattonellales
1066,55,1,0,0,0,0,0,0,0,0,208,Phallales
1068,0,0,0,0,0,0,0,0,0,0,325,Ectocarpales
1069,0,0,0,0,0,0,0,0,0,0,1308,Peronosporales
1070,0,0,0,0,0,0,0,0,0,0,117,Stictodiscales
1071,0,0,0,0,0,0,0,0,0,0,74,Platygloeales
1072,2,0,0,0,0,0,0,0,0,0,411,Myriangiales
1073,0,0,0,0,0,0,0,0,0,0,335,Choreotrichida
1074,0,0,0,0,0,0,0,0,0,0,320,Glugeida
1075,136,0,0,0,0,0,0,0,0,0,623,Lecideales
1076,954,0,0,0,0,0,0,0,0,0,3447,Ostropales
1077,2,0,0,0,0,0,0,0,0,0,1370,Phyllachorales
1078,0,0,0,0,0,0,0,0,0,0,154,Hysterangiales
1079,0,0,0,0,0,0,0,0,0,0,19,Noctilucales
1080,47,0,0,0,0,0,0,0,0,0,116,Gyalectales
1081,0,0,0,0,0,0,0,0,0,0,11,Grossglockneriida
1082,48,0,0,0,0,0,0,0,0,0,218,Baeomycetales
1083,0,0,0,0,0,0,0,0,0,0,12,Paraglomerales
1084,587,0,0,0,0,0,0,0,0,0,1645,Sordariales
1085,0,0,0,0,0,0,0,0,0,0,8,Bryophryida
1086,21,0,0,0,0,0,0,0,0,0,242,Tilletiales
1087,0,0,0,0,0,0,0,0,0,0,220,Scuticociliatida
1088,0,0,0,0,0,0,0,0,0,0,1,Jakobida
1089,192,0,0,0,0,0,0,0,0,0,1141,Ustilaginales
1090,0,0,0,0,0,0,0,0,0,0,34,Arthracanthida
1091,0,0,0,0,0,0,0,0,0,0,22,Echinosteliales
1092,0,0,0,0,0,0,0,0,0,0,3884,Nodosariida
1093,224,0,0,0,0,0,0,0,0,0,522,Onygenales
1094,0,0,0,0,0,0,0,0,0,0,327,Pleurostomatida
1095,72,5,0,0,0,0,0,0,0,0,109,Geoglossales
1097,0,0,0,0,0,0,0,0,0,0,1647,Achnanthales
1098,0,0,0,0,0,0,0,0,0,0,1503,Coscinodiscales
1099,1194,1,0,0,0,0,0,0,0,0,1147,Teloschistales
1100,0,0,0,0,0,0,0,0,0,0,25,Protoheterotrichida
1101,0,0,0,0,0,0,0,0,0,0,868,Spirillinida
1102,0,0,0,0,0,0,0,0,0,0,220,Stichotrichida
1103,0,0,0,0,0,0,0,0,0,0,393,Tintinnida
1105,0,0,0,0,0,0,0,0,0,0,41,Thalassionematales
1106,4,0,0,0,0,0,0,0,0,0,3,Ceraceosorales
1108,0,0,0,0,0,0,0,0,0,0,89,Annulatascales
1109,71,0,0,0,0,0,0,0,0,0,1567,Dothideales
1110,6,0,0,0,0,0,0,0,0,0,247,Hysteriales
1111,4,0,0,0,0,0,0,0,0,0,73,Atractiellales
1112,0,0,0,0,0,0,0,0,0,0,1,Chrysanthemodiscales
1113,0,1,0,0,1,0,0,0,0,0,252,Involutinida
1115,1,0,0,0,0,0,0,0,0,0,2516,Meliolales
1116,73,0,0,0,0,0,0,0,0,0,394,Lichinales
1118,0,1,0,0,0,0,0,0,0,0,701,Heterotrichida
1119,0,0,0,0,0,0,0,0,0,0,19,Lichenotheliales
1120,0,0,0,0,0,0,0,0,0,0,194,Trichosphaeriales
1121,50,0,0,0,0,0,0,0,0,0,79,Sporidiobolales
1122,0,0,0,0,0,0,0,0,0,0,8,Oxymonadida
1124,0,0,0,0,0,0,0,0,0,0,45,Eugregarinida
1126,0,0,0,0,0,0,0,0,0,0,1254,Triceratiales
1127,0,0,0,0,0,0,0,0,0,0,1917,Bacillariales
1128,0,0,0,0,0,0,0,0,0,0,222,Haptorida
1129,6,0,0,0,0,0,0,0,0,0,69,Acrospermales
1130,1074,1,0,0,0,0,0,0,0,0,4017,Xylariales
1131,0,0,0,0,0,0,0,0,0,0,256,Arcellinida
1132,0,0,0,0,0,0,0,0,0,0,362,Dissociodihaplophasida
1133,211,0,0,0,0,0,0,0,0,0,379,Acarosporales
1135,0,0,0,0,0,0,0,0,0,0,1878,Peritrichida
1136,0,0,0,0,0,0,0,0,0,0,736,Gonyaulacales
1137,0,0,0,0,0,0,0,0,0,0,11,Cutleriales
1138,0,0,0,0,0,0,0,0,0,0,1,Nemodermatales
1139,0,0,0,0,0,0,0,0,0,0,1007,Thalassiosirales
1140,0,0,0,0,0,0,0,0,0,0,755,Melosirales
1141,18,0,0,0,0,0,0,0,0,0,795,Rhytismatales
1143,0,0,0,0,0,0,0,0,0,0,623,Robertinida
1144,0,0,0,0,0,0,0,0,0,0,33,Paraliales
1145,27,0,0,0,0,0,0,0,0,0,29,Myrmecridiales
1146,0,0,0,0,0,0,0,0,0,0,301,Rhizosoleniales
1147,0,0,0,0,0,0,0,0,0,0,1,Picomonadida
1148,0,2,0,0,0,0,0,0,0,0,1133,Eunotiales
1149,0,0,0,0,0,0,0,0,0,0,82,Dileptida
1150,0,0,0,0,0,0,0,0,0,0,30,Dictyochales
1152,322,0,0,0,0,0,0,0,0,0,1216,Pertusariales
1153,426,0,0,0,0,0,0,0,0,0,711,Venturiales
1154,6,0,0,0,0,0,0,0,0,0,208,Rhizophydiales
1155,1,0,0,0,0,0,0,0,0,0,2711,Polymorphinida
1156,0,0,0,0,0,0,0,0,0,0,212,Chromulinales
1157,0,0,0,0,0,0,0,0,0,0,12,Ceratiomyxales
1158,383,0,0,0,0,0,0,0,0,0,1641,Capnodiales
1159,6,0,0,0,0,0,0,0,0,0,86,Phomatosporales
1160,0,0,0,0,0,0,0,0,0,0,9,Pseudoholophryida
1161,5,0,0,0,0,0,0,0,0,0,59,Gloeophyllales
1162,0,0,0,0,0,0,0,0,0,0,81,Lithodesmiales
1163,22,0,0,0,0,0,0,0,0,0,124,Coniochaetales
1164,56,0,0,0,0,0,0,0,0,0,126,Sebacinales
1165,0,0,0,0,0,0,0,0,0,0,465,Parathuramminida
1166,0,0,0,0,0,0,0,0,0,0,181,Licmophorales
1167,0,0,0,0,0,0,0,0,0,0,413,Prostomatida
1168,5,0,0,0,0,0,0,0,0,0,42,Valsariales
1169,0,0,0,0,0,0,0,0,0,0,107,Trachelocercida
1170,77,0,0,0,0,0,0,0,0,0,413,Mucorales
1171,189,0,0,0,0,0,0,0,0,0,1056,Chaetosphaeriales
1172,6,0,0,0,0,0,0,0,0,0,6,Dyfrolomycetales
1173,0,0,0,0,0,0,0,0,0,0,100,Eccrinida
1174,518,0,0,0,0,0,0,0,0,0,4614,Botryosphaeriales
1175,61,0,0,0,0,0,0,0,0,0,78,Candelariales
1176,0,0,0,0,0,0,0,0,0,0,25,Ralfsiales
1177,0,0,0,0,0,0,0,0,0,0,325,Spumellaria
1178,0,0,0,0,0,0,0,0,0,0,112,Colpodida
1179,0,0,0,0,0,0,0,0,0,0,1106,Loftusiida
1180,0,0,0,0,0,0,0,0,0,0,54,Sphacelariales
1182,1046,0,0,0,0,0,0,0,0,0,1821,Eurotiales
1183,0,0,0,0,0,0,0,0,0,0,411,Hymenostomatida
1184,1,2,0,0,0,0,0,0,0,0,345,Oligotrichida
1185,0,0,0,0,0,0,0,0,0,0,347,Entomophthorales
1186,0,0,0,0,0,0,0,0,0,0,53,Cyrtolophosidida
1187,0,0,0,0,0,0,0,0,0,0,36,Monoblepharidales
1188,0,0,0,0,0,0,0,0,0,0,71,Syracosphaerales
1189,0,0,0,0,0,0,0,0,0,0,270,Saprolegniales
1190,3,0,0,0,0,0,0,0,0,0,85,Laminariales
1191,0,0,0,0,0,0,0,0,0,0,186,Taphrinales
1192,0,0,0,0,0,0,0,0,0,0,183,Nassulida
1193,0,0,0,0,0,0,0,0,0,0,3,Neophaeothecales
1194,0,0,0,0,0,0,0,0,0,0,30,Chlamydodontida
1195,0,0,0,0,0,0,0,0,0,0,81,Dysteriida
1196,0,0,0,0,0,0,0,0,0,0,10,Suessiales
1197,148,0,0,0,0,0,0,0,0,0,2395,Laboulbeniales
1198,422,0,0,0,0,0,0,0,0,0,1496,Amphisphaeriales
1199,183,0,0,0,0,0,0,0,0,0,303,Magnaporthales
1200,0,0,0,0,0,0,0,0,0,0,32,Philasterida
1202,0,0,0,0,0,0,0,0,0,0,179,Cribrariales
1203,10,0,0,0,0,0,0,0,0,0,28,Minutisphaerales
1204,0,0,0,0,0,0,0,0,0,0,24,Isochrysidales
1205,0,0,0,0,0,0,0,0,0,0,34,Triblidiales
1206,7,0,0,0,0,0,0,0,0,0,621,Chytridiales
1207,61,0,0,0,0,0,0,0,0,0,643,Tremellales
1208,0,0,0,0,0,0,0,0,0,0,14,Koralionastetales
1209,23,0,0,0,0,0,0,0,0,0,78,Collemopsidiales
1210,0,0,0,0,0,0,0,0,0,0,32,Hibberdiales
1211,0,0,0,0,0,0,0,0,0,0,1,Bihospitida
1212,0,0,0,0,0,0,0,0,0,0,9,Cyphobasidiales
1213,0,0,0,0,0,0,0,0,0,0,35,Haplosporida
1214,0,0,0,0,0,0,0,0,0,0,30,Metchnikovellida
1215,0,0,0,0,0,0,0,0,0,0,8,Nassulopsida
1216,0,0,0,0,0,0,0,0,0,0,2,Desmothoracida
1217,0,0,0,0,0,0,0,0,0,0,153,Mortierellales
1218,0,0,0,0,0,0,0,0,0,0,491,Biddulphiales
1219,0,0,0,0,0,0,0,0,0,0,58,Petalomonadida
1221,130,0,0,0,0,0,0,0,0,0,211,Umbilicariales
1222,381,5,0,0,0,0,0,0,0,0,978,Cantharellales
1223,0,0,0,0,0,0,0,0,0,0,65,Prymnesiales
1225,91,7,0,0,0,0,0,0,0,0,536,Thelephorales
1226,22,0,0,0,0,0,0,0,0,0,149,Strigulales
1228,0,0,0,0,0,0,0,0,0,0,38,Watznaueriales
1229,0,0,0,0,0,0,0,0,0,0,492,Gymnodiniales
1230,0,0,0,0,0,0,0,0,0,0,63,Olpidiales
1232,0,0,0,0,0,0,0,0,0,0,37,Cyclotrichida
1233,24,0,0,0,0,0,0,0,0,0,175,Trechisporales
1234,0,0,0,0,0,0,0,0,0,0,3635,Vaginulinida
1235,0,0,0,0,0,0,0,0,0,0,15,Dictyoneidales
1236,0,0,0,0,0,0,0,0,0,0,40,Scytosiphonales
1237,0,0,0,0,0,0,0,0,0,0,144,Podorhabdales
1238,0,0,0,0,0,0,0,0,0,0,13,Bodonida
1239,77,1,0,0,0,0,0,0,0,0,343,Urocystidales
1241,96,0,0,0,0,0,0,0,0,0,185,Chaetomellales
1242,5,0,0,0,0,0,0,0,0,0,10,Wallemiales
1243,0,0,0,0,0,0,0,0,0,0,301,Euplotida
1244,0,0,0,0,0,0,0,0,0,0,53,Thraustochytrida
1245,0,0,0,0,0,0,0,0,0,0,231,Cyrtophorida
1246,0,0,0,0,0,0,0,0,0,0,1,Phyllosiphonales
1247,0,0,0,0,0,0,0,0,0,0,149,Eiffellithales
1248,0,0,0,0,0,0,0,0,0,0,52,Plasmodiophorida
1249,13,0,0,0,0,0,0,0,0,0,79,Togniniales
1251,0,0,0,0,0,0,0,0,0,0,17,Eustigmatales
1252,0,0,0,0,0,0,1,0,0,0,157,Dictyotales
1253,0,0,0,0,0,0,0,0,0,0,16,Phytodiniales
1254,0,0,0,0,0,0,0,0,0,0,11,Phaeotrichales
1256,0,0,0,0,0,0,0,0,0,0,34,Helicobasidiales
1257,0,0,0,0,0,0,0,0,0,0,9,Pyrocystales
1258,0,0,0,0,0,0,0,0,0,0,247,Septobasidiales
1259,0,0,0,0,0,0,0,0,0,0,2,Pelagomonadales
1260,0,0,0,0,0,0,0,0,0,0,22,Rhipidiales
1261,0,0,0,0,0,0,0,0,0,0,32,Spizellomycetales
1262,31,0,0,0,0,0,0,0,0,0,183,Patellariales
1263,13,0,0,0,0,0,0,0,0,0,18,Atractosporales
1265,0,0,0,0,0,0,0,0,0,0,31,Cyclophorales
1267,41,0,0,0,0,0,0,0,0,0,245,Melanosporales
1268,0,0,0,0,0,0,0,0,0,0,326,Meiodihaplophasida
1269,13,0,0,0,0,0,0,0,0,0,68,Trichosporonales
1270,4,0,0,0,0,0,0,0,0,0,113,Atheliales
1271,0,0,0,0,0,0,0,0,0,0,27,Chytridiopsida
1272,9,0,0,0,0,0,0,0,0,0,7,Schizosaccharomycetales
1273,0,0,0,0,0,0,0,0,0,0,18,Distomatida
1274,215,0,0,0,0,0,0,0,0,0,830,Glomerellales
1275,1,0,0,0,0,0,0,0,0,0,7,Tremellodendropsidales
1277,0,0,0,0,0,0,0,0,0,0,2,Discosporangiales
1278,12,0,0,0,0,0,0,0,0,0,268,Harpellales
1279,0,0,0,0,0,0,0,0,0,0,147,Peniculida
1283,0,0,0,0,0,0,0,0,0,0,14,Dictyosiphonales
1284,0,0,0,0,0,0,0,0,0,0,217,Astomatida
1285,0,0,0,0,0,0,0,0,0,0,2,Eubodonida
1286,0,0,0,0,0,0,0,0,0,0,6,Piroplasmorida
1287,0,0,0,0,0,0,0,0,0,0,63,Lulworthiales
1289,0,0,0,0,0,0,0,0,0,0,2,Tirisporellales
1290,33,0,0,0,0,0,0,0,0,0,55,Savoryellales
1291,12,1,0,0,0,0,0,0,0,0,18,Stereopsidales
1293,0,0,0,0,0,0,0,0,0,0,478,Mastogloiales
1294,4,0,0,0,0,0,0,0,0,0,8,Stigmatodiscales
1295,0,0,0,0,0,0,0,0,0,0,664,Lagenida
1296,52,0,0,0,0,0,0,0,0,0,67,Coryneliales
1297,0,0,0,0,0,0,0,0,0,0,26,Halteriida
1298,3,0,0,0,0,0,0,0,0,0,47,Georgefischeriales
1299,0,0,0,0,0,0,0,0,0,0,106,Coccosphaerales
1300,0,0,0,0,0,0,0,0,0,0,56,Stephanolithiales
1301,0,0,0,0,0,0,0,0,0,0,9,Peranemida
1302,0,0,0,0,0,0,0,0,0,0,1226,Surirellales
1303,0,0,0,0,0,0,0,0,0,0,226,Zoopagales
1304,0,0,0,0,0,0,0,0,0,0,46,Leptomitales
1305,0,0,0,0,0,0,0,0,0,0,478,Physarales
1306,52,1,0,0,0,0,0,0,0,0,151,Mycocaliciales
1307,0,0,0,0,0,0,0,0,0,0,135,Blastocladiales
1308,0,0,0,0,0,0,0,0,0,0,87,Trichostomatida
1309,0,0,0,0,0,0,0,0,0,0,16,Sporochnales
1310,104,0,0,0,0,0,0,0,0,0,169,Microbotryales
1311,96,0,0,0,0,0,0,0,0,0,187,Mytilinidiales
1312,16,0,0,0,0,0,0,0,0,0,228,Phacidiales
1313,82,0,0,0,0,0,0,0,0,0,116,Agaricostilbales
1314,40,0,0,0,0,0,0,0,0,0,36,Amplistromatales
1315,0,0,0,0,0,0,0,0,0,0,342,Hemiaulales
1316,2,0,0,0,0,0,0,0,0,0,30,Ascosphaerales
1317,24,0,0,0,0,0,0,0,0,0,41,Thelocarpales
1318,0,0,0,0,0,0,0,0,0,0,1,Acavomonida
1319,11,0,0,0,0,0,0,0,0,0,93,Filobasidiales
1320,0,0,0,0,0,0,0,0,0,0,78,Cryptomonadales
1321,0,0,0,0,0,0,0,0,0,0,9,Leptocylindrales
1322,10,0,0,0,0,0,0,0,0,0,20,Kriegeriales
1323,108,0,0,0,0,0,0,0,0,0,163,Glomerales
1324,5,0,0,0,0,0,0,0,0,0,1,Talbotiomycetales
1325,15,0,0,0,0,0,0,0,0,0,19,Arachnomycetales
1326,0,0,0,0,0,0,0,0,0,0,867,Thalassiophysales
1327,9,0,0,0,0,0,0,0,0,0,19,Moniliellales
1328,4,0,0,0,0,0,0,0,0,0,50,Jahnulales
1329,0,0,0,0,0,0,0,0,0,0,25,Hyphochytriales
1330,0,0,0,0,0,0,0,0,0,0,16,Erythrobasidiales
1331,0,0,0,0,0,0,0,0,0,0,15,Rhizochloridales
1332,0,0,0,0,0,0,0,0,0,0,123,Amoebida
1333,0,0,0,0,0,0,0,0,0,0,36,Natomonadida
1334,0,0,0,0,0,0,0,0,0,0,20,Climacospheniales
1335,4,0,0,0,0,0,0,0,0,0,21,Sareales
1336,0,0,0,0,0,0,0,0,0,0,15,Labyrinthulida
1337,0,0,0,0,0,0,0,0,0,0,243,Stemonitidales
1338,0,0,0,0,0,0,0,0,0,0,67,Anaulales
1339,86,2,0,0,0,0,0,0,0,0,553,Gomphales
1341,0,0,0,0,0,0,0,0,0,0,86,Aconchulinida
1342,2,0,0,0,0,0,0,0,0,0,15,Spiculogloeales
1343,41,0,0,0,0,0,0,0,0,0,7,Pseudodactylariales
1345,0,0,0,0,0,0,0,0,0,0,27,Cladochytriales
1346,0,0,0,0,0,0,0,0,0,0,12,Dactylopodida
1347,0,0,0,0,0,0,0,0,0,0,4,Actinophryida
1348,0,0,0,0,0,0,0,0,0,0,9,Spirotrichonymphida
1349,0,0,0,0,0,0,0,0,0,0,212,Trichiales
1351,40,0,0,0,0,0,0,0,0,0,2,Neodactylariales
1352,0,0,0,0,0,0,0,0,0,0,3,Zygophlyctidales
1353,0,0,0,0,0,0,0,0,0,0,15,Cyttariales
1354,0,0,0,0,0,0,0,0,0,0,106,Trypanosomatida
1355,0,0,0,0,0,0,0,0,0,0,1,Stictocyclales
1356,0,0,0,0,0,0,0,0,0,0,1,Mixiales
1357,34,0,0,0,0,0,0,0,0,0,1,Tracyllales
1358,0,0,0,0,0,0,0,0,0,0,69,Albuginales
1359,0,0,0,0,0,0,0,0,0,0,42,Centrales
1360,0,0,0,0,0,0,0,0,0,0,291,Entylomatales
1361,0,0,0,0,0,0,0,0,0,0,35,Apostomatida
1362,7,0,0,0,0,0,0,0,0,0,3,Torpedosporales
1363,0,0,0,0,0,0,0,0,0,0,6,Tilopteridales
1365,12,0,0,0,0,0,0,0,0,0,84,Boliniales
1366,0,0,0,0,0,0,0,0,0,0,8,Basidiobolales
1367,0,0,0,0,0,0,0,0,0,0,4,Micraspidales
1369,0,0,0,0,0,0,0,0,0,0,7,Lobulomycetales
1370,0,0,0,0,0,0,0,0,0,0,3,Trichonymphida
1371,0,0,0,0,0,0,0,0,0,0,5,Buckleyzymales
1372,0,0,0,0,0,0,0,0,0,0,22,Parabodonida
1373,4,0,0,0,0,0,0,0,0,0,34,Cephalothecales
1374,143,2,0,0,0,0,0,0,0,0,172,Geastrales
1375,4,0,0,0,0,0,0,0,0,0,72,Hymeneliales
1376,0,0,0,0,0,0,0,0,0,0,15,Corethrales
1377,0,0,0,0,0,0,0,0,0,0,33,Pyxidiophorales
1378,0,0,0,0,0,0,0,0,0,0,124,Cymatosirales
1380,0,0,0,0,0,0,0,0,0,0,16,Serpentovirales
1381,0,0,0,0,0,0,0,0,0,0,156,Mischococcales
1382,4,0,0,0,0,0,0,0,0,0,38,Phaeomoniellales
1383,0,0,0,0,0,0,0,0,0,0,29,Arkhangelskiales
1384,0,0,0,0,0,0,0,0,0,0,5,Toxariales
1385,0,0,0,0,0,0,0,0,0,0,53,Vaucheriales
1386,0,0,0,0,0,0,0,0,0,0,7,Protococcidiorida
1388,0,0,0,0,0,0,0,0,0,0,41,Orthoseirales
1389,0,0,0,0,0,0,0,0,0,0,73,Dictyosteliales
1390,1,0,0,0,0,0,0,0,0,0,43,Endogonales
1391,0,0,0,0,0,0,0,0,0,0,59,Loxodida
1392,34,0,0,0,0,0,0,0,0,0,53,Microstromatales
1393,25,0,0,0,0,0,0,0,0,0,49,Pleurotheciales
1395,0,0,0,0,0,0,0,0,0,0,6,Sarcinochrysidales
1396,0,0,0,0,0,0,0,0,0,0,30,Bryometopida
1397,0,0,0,0,0,0,0,0,0,0,6,Spathulosporales
1398,0,0,0,0,0,0,0,0,0,0,107,Aulacoseirales
1399,0,0,0,0,0,0,0,0,0,0,15,Lepidostromatales
1400,0,0,0,0,0,0,0,0,0,0,155,Strombidiida
1401,0,0,0,0,0,0,0,0,0,0,56,Doassansiales
1402,4,1,0,0,0,0,0,0,0,0,67,Amylocorticiales
1403,0,0,0,0,0,0,0,0,0,0,1,Calcarisporiellales
1404,0,0,0,0,0,0,0,0,0,0,4,Pachnocybales
1406,0,0,0,0,0,0,0,0,0,0,53,Bursariomorphida
1407,0,0,0,0,0,0,0,0,0,0,2,Neocelosporiales
1409,0,0,0,0,0,0,0,0,0,0,140,Ochromonadales
1410,0,0,0,0,0,0,0,0,0,0,45,Rhabdonematales
1411,0,0,0,0,0,0,0,0,0,0,5,Chilodonellida
1412,0,0,0,0,0,0,0,0,0,0,1,Developayellales
1413,1,0,0,0,0,0,0,0,0,0,14,Sistotremastrales
1414,37,0,0,0,0,0,0,0,0,0,181,Rhizocarpales
1415,0,0,0,0,0,0,0,0,0,0,36,Synhymeniida
1416,0,0,0,0,0,0,0,0,0,0,28,Tribonematales
1417,109,0,0,0,0,0,0,0,0,0,830,Orbiliales
1418,0,0,0,0,0,0,0,0,0,0,156,Synurales
1420,0,0,0,0,0,0,0,0,0,0,163,Asterolamprales
1421,3,0,0,0,0,0,0,0,0,0,1,Cryptocaliciales
1422,0,0,0,0,0,0,0,0,0,0,5,Himatismenida
1424,67,0,0,0,0,0,0,0,0,0,110,Sclerococcales
1425,0,0,0,0,0,0,0,0,0,0,1,Asterocladales
1427,0,0,0,0,0,0,0,0,0,0,11,Chloramoebales
1428,0,0,0,0,0,0,0,0,0,0,34,Plagiopylida
1429,0,0,0,0,0,0,0,0,0,0,53,Arachnoidiscales
1430,0,0,0,0,0,0,0,0,0,0,30,Olpidiopsidales
1431,0,0,0,0,0,0,0,0,0,0,2,Syringodermatales
1433,0,0,0,0,0,0,0,0,0,0,14,Desmarestiales
1434,0,0,0,0,0,0,0,0,0,0,11,Rozellida
1435,33,0,0,0,0,0,0,0,0,0,40,Lichenostigmatales
1436,0,0,0,0,0,0,0,0,0,0,2,Colpodellida
1437,0,0,0,0,0,0,0,0,0,0,3,Florenciellales
1438,0,0,0,0,0,0,0,0,0,0,1,Palpitida
1439,0,0,0,0,0,0,0,0,0,0,7,Scytothamnales
1440,49,0,0,0,0,0,0,0,0,0,85,Muyocopronales
1441,0,0,0,0,0,0,0,0,0,0,37,Rhizophlyctidales
1442,34,0,0,0,0,0,0,0,0,0,7,Falcocladiales
1443,0,0,0,0,0,0,0,0,0,0,31,Protosteliales
1444,0,0,0,0,0,0,0,0,0,0,4,Protoraphidales
1446,0,0,0,0,0,0,0,0,0,0,18,Tritirachiales
1447,0,0,0,0,0,0,0,0,0,0,29,Rozellopsidales
1448,0,0,0,0,0,0,0,0,0,0,17,Eutreptiida
1449,0,0,0,0,0,0,0,0,0,0,4,Phacodiniida
1450,9,0,0,0,0,0,0,0,0,0,36,Cystobasidiales
1451,0,0,0,0,0,0,0,0,0,0,26,Lyrellales
1452,0,0,0,0,0,0,0,0,0,0,9,Xylobotryales
1453,0,0,0,0,0,0,0,0,0,0,2,Syndiniales
1454,18,0,0,0,0,0,0,0,0,0,12,Arctomiales
1455,4,0,0,0,0,0,0,0,0,0,10,Parasympodiellales
1456,0,0,0,0,0,0,0,0,0,0,132,Striatellales
1457,3,0,0,0,0,0,0,0,0,0,45,Neocallimastigales
1458,82,0,0,0,0,0,0,0,0,0,174,Thelebolales
1459,0,0,0,0,0,0,0,0,0,0,1,Naohideales
1460,0,0,0,0,0,0,0,0,0,0,20,Graphidales
1461,0,0,0,0,0,0,0,0,0,0,13,Prorodontida
1463,0,0,0,0,0,0,0,0,0,0,49,Prorocentrales
1464,0,0,0,0,0,0,0,0,0,0,22,Ardissoneales
1465,0,0,0,0,0,0,0,0,0,0,17,Discoasterales
1466,0,0,0,0,0,0,0,0,0,0,1,Ploeotiida
1467,0,0,0,0,0,0,0,0,0,0,6,Sakaguchiales
1469,0,0,0,0,0,0,0,0,0,0,154,Choanoflagellida
1470,0,0,0,0,0,0,0,0,0,0,14,Zygodiscales
1471,0,0,0,0,0,0,0,0,0,0,1,Medeolariales
1472,0,0,0,0,0,0,0,0,0,0,2,Amphilothales
1473,2,0,0,0,0,0,0,0,0,0,25,Cordanales
1474,0,0,0,0,0,0,0,0,0,0,19,Entorrhizales
1476,35,0,0,0,0,0,0,0,0,0,3,Pararamichloridiales
1477,0,0,0,0,0,0,0,0,0,0,1,Halosphaeriales
1478,10,0,0,0,0,0,0,0,0,0,21,Schaereriales
1479,0,0,0,0,0,0,0,0,0,0,182,Dinophysiales
1480,0,0,0,0,0,0,0,0,0,0,2,Sorogenida
1481,2,0,0,0,0,0,0,0,0,0,50,Coniocybales
1482,0,0,0,0,0,0,0,0,0,0,4,Perkinsida
1484,12,0,0,0,0,0,0,0,0,0,24,Archaeosporales
1486,0,0,0,0,0,0,0,0,0,0,8,Pneumocystales
1487,109,0,0,0,0,0,0,0,0,0,27,Vermiculariopsiellales
1488,0,0,0,0,0,0,0,0,0,0,47,Pleuronematida
1489,0,0,0,0,0,0,0,0,0,0,99,Physodermatales
1490,0,0,0,0,0,0,0,0,0,0,80,Acytosteliales
1491,0,0,0,0,0,0,0,0,0,0,4,Hydrurales
1492,0,0,0,0,0,0,0,0,0,0,26,Phaeothamniales
1493,0,0,0,0,0,0,0,0,0,0,2,Parmales
1494,0,0,0,0,0,0,0,0,0,0,8,Jobellisiales
1495,0,0,0,0,0,0,0,0,0,0,4,Stereomyxida
1497,0,0,0,0,0,0,0,0,0,0,58,Thoracosphaerales
1498,16,0,0,0,0,0,0,0,0,0,8,Zeloasperisporiales
1499,0,0,0,0,0,0,0,0,0,0,1,Oxyrrhinales
1500,0,0,0,0,0,0,0,0,0,0,4,Heterogastridiales
1501,0,0,0,0,0,0,0,0,0,0,1,Ministeriida
1502,0,0,0,0,0,0,0,0,0,0,4,Natipusillales
1503,0,0,0,0,0,0,0,0,0,0,7,Botrydiales
1504,0,0,0,0,0,0,0,0,0,0,7,Cancellidiales
1505,0,0,0,0,0,0,0,0,0,0,14,Archigregarinorida
1506,0,0,0,0,0,0,0,0,0,0,71,Coniosporiales
1507,0,0,0,0,0,0,0,0,0,0,26,Vannellida
1508,0,0,0,0,0,0,0,0,0,0,1,Aureoconidiellales
1509,0,0,0,0,0,0,0,0,0,0,12,Pavlovales
1510,0,0,0,0,0,0,0,0,0,0,16,Paracinetida
1512,0,0,0,0,0,0,0,0,0,0,3,Pontismatales
1514,0,0,0,0,0,0,0,0,0,0,1,Postgaardida
1515,0,0,0,0,0,0,0,0,0,0,48,Odontostomatida
1516,20,0,0,0,0,0,0,0,0,0,23,Malasseziales
1517,0,0,0,0,0,0,0,0,0,0,1,Desmomastigales
1518,0,0,0,0,0,0,0,0,0,0,2,Unilacrymales
1519,0,0,0,0,0,0,0,0,0,0,1,Holomastigida
1520,5,0,0,0,0,0,0,0,0,0,88,Calosphaeriales
1521,0,0,0,0,0,0,0,0,0,0,17,Pedinellales
1523,0,0,0,0,0,0,0,0,0,0,28,Entosiphonida
1524,0,0,0,0,0,0,0,0,0,0,6,Anisolpidiales
1525,0,0,0,0,0,0,0,0,0,0,10,Carterinida
1526,0,0,0,0,0,0,0,0,0,0,9,Agamococcidiorida
1527,0,0,0,0,0,0,0,0,0,0,1,Quasiramulariales
1528,0,0,0,0,0,0,0,0,0,0,10,Ebriida
1529,0,0,0,0,0,0,0,0,0,0,2,Retortamonadida
1531,0,0,0,0,0,0,0,0,0,0,5,Kiitrichida
1532,36,0,0,0,0,0,0,0,0,0,25,Umbelopsidales
1535,6,0,0,0,0,0,0,0,0,0,17,Nephridiophagales
1537,0,0,0,0,0,0,0,0,0,0,22,Schizopyrenida
1538,47,0,0,0,0,0,0,0,0,0,60,Distoseptisporales
1539,0,0,0,0,0,0,0,0,0,0,44,Kickxellales
1540,0,0,0,0,0,0,0,0,0,0,1,Prokinetoplastida
1541,0,0,0,0,0,0,0,0,0,0,1,Comminutisporales
1544,0,0,0,0,0,0,0,0,0,0,109,Tabellariales
1545,0,0,0,0,0,0,0,0,0,0,1,Chlorarachniales
1546,4,0,0,0,0,0,0,0,0,0,15,Vezdaeales
1547,0,0,0,0,0,0,0,0,0,0,4,Superstratomycetales
1548,0,0,0,0,0,0,0,0,0,0,17,Wiesneriomycetales
1549,0,0,0,0,0,0,0,0,0,0,2,Phalansteriida
1550,0,0,0,0,0,0,0,0,0,0,475,Picornavirales
1551,0,0,0,0,0,0,0,0,0,0,2,Asterotexales
1552,0,0,0,0,0,0,0,0,0,0,1,Lineolatales
1554,0,0,0,0,0,0,0,0,0,0,12,Nucleariida
1555,0,0,0,0,0,0,0,0,0,0,9,Xenospadicoidales
1557,0,0,0,0,0,0,0,0,0,0,21,Ethmodiscales
1558,0,0,0,0,0,0,0,0,0,0,8,Phaeocystales
1559,2,0,0,0,0,0,0,0,0,0,20,Fuscosporellales
1560,0,0,0,0,0,0,0,0,0,0,1,Chaetocerales
1561,0,0,0,0,0,0,0,0,0,0,3,Lahmiales
1563,43,0,0,0,0,0,0,0,0,0,18,Conioscyphales
1564,0,0,0,0,0,0,0,0,0,0,15,Orphellales
1565,0,0,0,0,0,0,0,0,0,0,6,Tracheliida
1566,0,0,0,0,0,0,0,0,0,0,14,Asellariales
1567,0,0,0,0,0,0,0,0,0,0,7,Pisorisporiales
1569,0,0,0,0,0,0,0,0,0,0,41,Anisonemida
1570,0,0,0,0,0,0,0,0,0,0,1,Eucoccidiida
1571,0,0,0,0,0,0,0,0,0,0,6,Heterogloeales
1572,0,0,0,0,0,0,0,0,0,0,1,Lagenismatales
1573,0,0,0,0,0,0,0,0,0,0,1,Ellobiopsida
1574,0,0,0,0,0,0,0,0,0,0,8,Holtermanniales
1575,5,0,0,0,0,0,0,0,0,0,12,Leucosporidiales
1576,0,0,0,0,0,0,0,0,0,0,1,Chlamydomyxales
1577,0,0,0,0,0,0,0,0,0,0,5,Bezerromycetales
1579,0,0,0,0,0,0,0,0,0,0,9,Chrysosphaerales
1582,0,0,0,0,0,0,0,0,0,0,1,Franziozymales
1583,0,0,0,0,0,0,0,0,0,0,12,Entrophosporales
1584,0,0,0,0,0,0,0,0,0,0,1,Colponemida
1585,0,0,0,0,0,0,0,0,0,0,3,Thallochrysidales
1586,0,0,0,0,0,0,0,0,0,0,3,Classiculales
1587,0,0,0,0,0,0,0,0,0,0,3,Chordariales
1588,0,0,0,0,0,0,0,0,0,0,248,Martellivirales
1589,0,0,0,0,0,0,0,0,0,0,19,Haemospororida
1590,0,0,0,0,0,0,0,0,0,0,7,Symbiotaphrinales
1591,0,0,0,0,0,0,0,0,0,0,3,Jaapiales
1592,53,0,0,0,0,0,0,0,0,0,44,Abrothallales
1593,0,0,0,0,0,0,0,0,0,0,3,Leptomyxida
1594,0,0,0,0,0,0,0,0,0,0,5,Neolectales
1595,70,0,0,0,0,0,0,0,0,0,5,Cladoriellales
1596,0,0,0,0,0,0,0,0,0,0,5,Geminibasidiales
1597,0,0,0,0,0,0,0,0,0,0,3,Actiniscales
1598,0,0,0,0,0,0,0,0,0,0,2,Pinguiochrysidales
1599,0,0,0,0,0,0,0,0,0,0,1,Xylonales
1600,0,0,0,0,0,0,0,0,0,0,3,Phaeothecales
1601,0,0,0,0,0,0,0,0,0,0,1,Bolidomonadales
1603,0,0,0,0,0,0,0,0,0,0,14,Dimargaritales
1604,0,0,0,0,0,0,0,0,0,0,2,Lichinodiales
1605,0,0,0,0,0,0,0,0,0,0,39,Plagiotomida
1606,0,0,0,0,0,0,0,0,0,0,27,Herpomycetales
1607,0,0,0,0,0,0,0,0,0,0,2,Acanthopodida
1608,8,0,0,0,0,0,0,0,0,0,6,Delonicicolales
1609,0,0,0,0,0,0,0,0,0,0,12,Licnophorida
1612,0,0,0,0,0,0,0,0,0,0,9,Blastodiniales
1613,0,0,0,0,0,0,0,0,0,0,5,Karyorelictida
1614,0,0,0,0,0,0,0,0,0,0,4,Apusomonadida
1615,0,0,0,0,0,0,0,0,0,0,20,Centrohelida
1616,0,0,0,0,0,0,0,0,0,0,1,Novakomycetales
1617,0,0,0,0,0,0,0,0,0,0,11,Lauriomycetales
1618,0,0,0,0,0,0,0,0,0,0,1,Armophorida
1619,0,0,0,0,0,0,0,0,0,0,3,Diphylleida
1621,0,0,0,0,0,0,0,0,0,0,3,Rosettozymales
1622,0,0,0,0,0,0,0,0,0,0,3,Batistiales
1623,4,0,0,0,0,0,0,0,0,0,17,Lichenoconiales
1624,5,0,0,0,0,0,0,0,0,0,2,Uleiellales
1625,0,0,0,0,0,0,0,0,0,0,1,Polychytriales
1626,0,0,0,0,0,0,0,0,0,0,1,Violaceomycetales
1627,0,0,0,0,0,0,0,0,0,0,26,Lembosinales
1628,0,0,0,0,0,0,0,0,0,0,2,Gromochytriales
1630,0,0,0,0,0,0,0,0,0,0,2,Ishigeales
1631,0,0,0,0,0,0,0,0,0,0,2,Lophodiniales
1632,0,0,0,0,0,0,0,0,0,0,2,Cryptomycocolacales
1633,0,0,0,0,0,0,0,0,0,0,4,Chrysomeridales
1635,0,0,0,0,0,0,0,0,0,0,5,Coccidiniales
1637,0,0,0,0,0,0,0,0,0,0,12,Haptoglossales
1639,0,0,0,0,0,0,0,0,0,0,2,Sanchytriales
1640,0,0,0,0,0,0,0,0,0,0,2,Archaeorhizomycetales
1642,0,0,0,0,0,0,0,0,0,0,1,Turquoiseomycetales